A.D. Bynon & J.E. Bynon;SORELL;Assess-Skill, Ability, Needs;610362659281;www.growoccupationaltherapy.com.au;admin@growoccupationaltherapy.com.au;Sorell Allied Health Centre, 42 Cole St, SORELL, TAS, 7172
A.M Collins & P.M Collins;ULVERSTONE;Accommodation/Tenancy;"+610408522570
0000 000 000";;leapocc@gmail.com;14 Coral Avenue, ULVERSTONE, TAS, 7315
;;Assess-Skill, Ability, Needs;+6104085225700 000 000 000;;leapocc@gmail.com;14 Coral Avenue, ULVERSTONE, TAS, 7315
;;Assist-Life Stage, Transition;+6104085225700 000 000 000;;leapocc@gmail.com;14 Coral Avenue, ULVERSTONE, TAS, 7315
;;Assist-Personal Activities;+6104085225700 000 000 000;;leapocc@gmail.com;14 Coral Avenue, ULVERSTONE, TAS, 7315
;;Assist-Travel/Transport;+6104085225700 000 000 000;;leapocc@gmail.com;14 Coral Avenue, ULVERSTONE, TAS, 7315
;;Behaviour Support;+6104085225700 000 000 000;;leapocc@gmail.com;14 Coral Avenue, ULVERSTONE, TAS, 7315
;;Daily Tasks/Shared Living;+6104085225700 000 000 000;;leapocc@gmail.com;14 Coral Avenue, ULVERSTONE, TAS, 7315
;;Development-Life Skills;+6104085225700 000 000 000;;leapocc@gmail.com;14 Coral Avenue, ULVERSTONE, TAS, 7315
;;Early Childhood Supports;+6104085225700 000 000 000;;leapocc@gmail.com;14 Coral Avenue, ULVERSTONE, TAS, 7315
;;Household Tasks;+6104085225700 000 000 000;;leapocc@gmail.com;14 Coral Avenue, ULVERSTONE, TAS, 7315
;;Participate Community;+6104085225700 000 000 000;;leapocc@gmail.com;14 Coral Avenue, ULVERSTONE, TAS, 7315
;;Therapeutic Supports;+6104085225700 000 000 000;;leapocc@gmail.com;14 Coral Avenue, ULVERSTONE, TAS, 7315
A.P Schofield & R Schofield;AUSTINS FERRY;Assist-Travel/Transport;;;bookings@taswheelchairtransport.com.au;6 Sunshine Road, AUSTINS FERRY, TAS, 7011
Ability Care Ltd;UNDERWOOD;;610437596440;www.abilitycare.org.au;service@abilitycare.org.au;ADDRESS CONFIDENTIAL
Ability Tasmania Group Inc;BURNIE;Assist Access/Maintain Employ;610364323448;www.atginc.org.au;admin@abilityemployment.com.au;Shop 2, 29 Wilmot St, BURNIE, TAS, 7320
;;Assistive Equip-Recreation;610364323448;www.atginc.org.au;admin@abilityemployment.com.au;Shop 2, 29 Wilmot St, BURNIE, TAS, 7320
;;Assist-Life Stage, Transition;610364323448;www.atginc.org.au;admin@abilityemployment.com.au;Shop 2, 29 Wilmot St, BURNIE, TAS, 7320
;;Assist-Personal Activities;610364323448;www.atginc.org.au;admin@abilityemployment.com.au;Shop 2, 29 Wilmot St, BURNIE, TAS, 7320
;;Assist-Travel/Transport;610364323448;www.atginc.org.au;admin@abilityemployment.com.au;Shop 2, 29 Wilmot St, BURNIE, TAS, 7320
;;Development-Life Skills;610364323448;www.atginc.org.au;admin@abilityemployment.com.au;Shop 2, 29 Wilmot St, BURNIE, TAS, 7320
;;Participate Community;610364323448;www.atginc.org.au;admin@abilityemployment.com.au;Shop 2, 29 Wilmot St, BURNIE, TAS, 7320
;;Training-Travel Independence;610364323448;www.atginc.org.au;admin@abilityemployment.com.au;Shop 2, 29 Wilmot St, BURNIE, TAS, 7320
Able Australia Services;MOONAH;Accommodation/Tenancy;;;john.klug@ableaustralia.org.au;137 Main Road Moonah, MOONAH, TAS, 7009
;;Assist-Integrate School/Ed;;;john.klug@ableaustralia.org.au;137 Main Road Moonah, MOONAH, TAS, 7009
;;Assist-Life Stage, Transition;;;john.klug@ableaustralia.org.au;137 Main Road Moonah, MOONAH, TAS, 7009
;;Assist-Personal Activities;;;john.klug@ableaustralia.org.au;137 Main Road Moonah, MOONAH, TAS, 7009
;;Assist-Travel/Transport;;;john.klug@ableaustralia.org.au;137 Main Road Moonah, MOONAH, TAS, 7009
;;Daily Tasks/Shared Living;;;john.klug@ableaustralia.org.au;137 Main Road Moonah, MOONAH, TAS, 7009
;;Development-Life Skills;;;john.klug@ableaustralia.org.au;137 Main Road Moonah, MOONAH, TAS, 7009
;;Other Innovative Supports;;;john.klug@ableaustralia.org.au;137 Main Road Moonah, MOONAH, TAS, 7009
;;Participate Community;;;john.klug@ableaustralia.org.au;137 Main Road Moonah, MOONAH, TAS, 7009
;;Training-Travel Independence;;;john.klug@ableaustralia.org.au;137 Main Road Moonah, MOONAH, TAS, 7009
Access Innovation Media Pty Ltd;MACQUARIE PARK;;610288707711;;;12 Waterloo Road, MACQUARIE PARK, NSW, 2113
Advanced Lifecare Pty Ltd;SOUTH LAUNCESTON;Assist Prod-Pers Care/Safety;;;sales@advancedlifecare.com.au;355 Wellington Street, SOUTH LAUNCESTON, TAS, 7249
;;Assistive Prod-Household Task;;;sales@advancedlifecare.com.au;355 Wellington Street, SOUTH LAUNCESTON, TAS, 7249
;;Other Innovative Supports;;;sales@advancedlifecare.com.au;355 Wellington Street, SOUTH LAUNCESTON, TAS, 7249
;;Personal Mobility Equipment;;;sales@advancedlifecare.com.au;355 Wellington Street, SOUTH LAUNCESTON, TAS, 7249
Aidacare Pty Ltd;KINGSTON;;;;kevin.holliday@aidacare.com.au;18 Mertonvale Circuit, KINGSTON, TAS, 7050
AL & LM Williams;SOUTH LAUNCESTON;Assist-Personal Activities;;;launceston@seniorhelpers.com.au;220 Wellington Street, SOUTH LAUNCESTON, TAS, 7249
;;Household Tasks;;;launceston@seniorhelpers.com.au;220 Wellington Street, SOUTH LAUNCESTON, TAS, 7249
Alison Hopwood Family Trust;BATTERY POINT;Assess-Skill, Ability, Needs;;;ahopwood@ikot.com.au;Ground Floor, 2 Castray Esplanade, BATTERY POINT, TAS, 7000
;;Assistive Equip-Recreation;;;ahopwood@ikot.com.au;Ground Floor, 2 Castray Esplanade, BATTERY POINT, TAS, 7000
;;Behaviour Support;;;ahopwood@ikot.com.au;Ground Floor, 2 Castray Esplanade, BATTERY POINT, TAS, 7000
;;Early Childhood Supports;;;ahopwood@ikot.com.au;Ground Floor, 2 Castray Esplanade, BATTERY POINT, TAS, 7000
;;Equipment Special Assess Setup;;;ahopwood@ikot.com.au;Ground Floor, 2 Castray Esplanade, BATTERY POINT, TAS, 7000
;;Therapeutic Supports;;;ahopwood@ikot.com.au;Ground Floor, 2 Castray Esplanade, BATTERY POINT, TAS, 7000
Anglicare Tasmania Inc.;HOBART;Accommodation/Tenancy;"+611800466300
(00)00000000";;NDISenquiries@anglicare-tas.org.au;18 Watchorn St, HOBART, TAS, 7000
;;Assess-Skill, Ability, Needs;+611800466300  (00)00000000;;NDISenquiries@anglicare-tas.org.au;18 Watchorn St, HOBART, TAS, 7000
;;Assist Access/Maintain Employ;+611800466300  (00)00000000;;NDISenquiries@anglicare-tas.org.au;18 Watchorn St, HOBART, TAS, 7000
;;Assist-Integrate School/Ed;+611800466300  (00)00000000;;NDISenquiries@anglicare-tas.org.au;18 Watchorn St, HOBART, TAS, 7000
;;Assist-Life Stage, Transition;+611800466300  (00)00000000;;NDISenquiries@anglicare-tas.org.au;18 Watchorn St, HOBART, TAS, 7000
;;Assist-Personal Activities;+611800466300  (00)00000000;;NDISenquiries@anglicare-tas.org.au;18 Watchorn St, HOBART, TAS, 7000
;;Assist-Travel/Transport;+611800466300  (00)00000000;;NDISenquiries@anglicare-tas.org.au;18 Watchorn St, HOBART, TAS, 7000
;;Behaviour Support;+611800466300  (00)00000000;;NDISenquiries@anglicare-tas.org.au;18 Watchorn St, HOBART, TAS, 7000
;;Daily Tasks/Shared Living;+611800466300  (00)00000000;;NDISenquiries@anglicare-tas.org.au;18 Watchorn St, HOBART, TAS, 7000
;;Development-Life Skills;+611800466300  (00)00000000;;NDISenquiries@anglicare-tas.org.au;18 Watchorn St, HOBART, TAS, 7000
;;Household Tasks;+611800466300  (00)00000000;;NDISenquiries@anglicare-tas.org.au;18 Watchorn St, HOBART, TAS, 7000
;;Other Innovative Supports;+611800466300  (00)00000000;;NDISenquiries@anglicare-tas.org.au;18 Watchorn St, HOBART, TAS, 7000
;;Participate Community;+611800466300  (00)00000000;;NDISenquiries@anglicare-tas.org.au;18 Watchorn St, HOBART, TAS, 7000
;;Plan Management;+611800466300  (00)00000000;;NDISenquiries@anglicare-tas.org.au;18 Watchorn St, HOBART, TAS, 7000
;;Therapeutic Supports;+611800466300  (00)00000000;;NDISenquiries@anglicare-tas.org.au;18 Watchorn St, HOBART, TAS, 7000
;;Training-Travel Independence;+611800466300  (00)00000000;;NDISenquiries@anglicare-tas.org.au;18 Watchorn St, HOBART, TAS, 7000
ARC Support Services Ltd;LAUNCESTON;Assist-Integrate School/Ed;+610363457398 00-0000-0000;www.arcss.com.au;emmaallen@arcss.com.au;Unit 2, 6-13 George Street, LAUNCESTON, TAS, 7250
;;Assist-Life Stage, Transition;+6103634573980 0-0000-0000;www.arcss.com.au;emmaallen@arcss.com.au;Unit 2, 6-13 George Street, LAUNCESTON, TAS, 7250
;;Assist-Personal Activities;+6103634573980 0-0000-0000;www.arcss.com.au;emmaallen@arcss.com.au;Unit 2, 6-13 George Street, LAUNCESTON, TAS, 7250
;;Assist-Travel/Transport;+6103634573980 0-0000-0000;www.arcss.com.au;emmaallen@arcss.com.au;Unit 2, 6-13 George Street, LAUNCESTON, TAS, 7250
;;Behaviour Support;+6103634573980 0-0000-0000;www.arcss.com.au;emmaallen@arcss.com.au;Unit 2, 6-13 George Street, LAUNCESTON, TAS, 7250
;;Daily Tasks/Shared Living;+6103634573980 0-0000-0000;www.arcss.com.au;emmaallen@arcss.com.au;Unit 2, 6-13 George Street, LAUNCESTON, TAS, 7250
;;Household Tasks;+6103634573980 0-0000-0000;www.arcss.com.au;emmaallen@arcss.com.au;Unit 2, 6-13 George Street, LAUNCESTON, TAS, 7250
;;Participate Community;+6103634573980 0-0000-0000;www.arcss.com.au;emmaallen@arcss.com.au;Unit 2, 6-13 George Street, LAUNCESTON, TAS, 7250
Archer, Alison Jane;LINDISFARNE;;610362438715;http://www.lindisfarnepsychology.com.au/Ali;ali.morse6@gmail.com;44A Lincoln Street, LINDISFARNE, TAS, 7015
Artas Architects Pty Ltd;LAUNCESTON;;"+610363312731
(00) 00000000";http://artas.com.au/;simone@artas.com.au;Level 1, The ARTAS Centre, 10-14 Paterson Street, LAUNCESTON, TAS, 7250
Australian Dispatch Company Pty Ltd;MOONAH;;;;admin@131008hobart.com;23 Sunderland Street, MOONAH, TAS, 7009
Award Swimming Pty Ltd;KINGSTON;;;;;10 Mertonvale Circuit, KINGSTON, TAS, 7050
Baptcare Ltd;HOBART;Assist-Life Stage, Transition;;;info@baptcare.org.au;175 Collins Street, HOBART, TAS, 7000
;;Assist-Personal Activities;;;info@baptcare.org.au;175 Collins Street, HOBART, TAS, 7000
;;Daily Tasks/Shared Living;;;info@baptcare.org.au;175 Collins Street, HOBART, TAS, 7000
;;Development-Life Skills;;;info@baptcare.org.au;175 Collins Street, HOBART, TAS, 7000
;;Participate Community;;;info@baptcare.org.au;175 Collins Street, HOBART, TAS, 7000
;;Plan Management;;;info@baptcare.org.au;175 Collins Street, HOBART, TAS, 7000
;;Training-Travel Independence;;;info@baptcare.org.au;175 Collins Street, HOBART, TAS, 7000
Baxter, Richard M;FERN TREE;Assist-Life Stage, Transition;610419803544;www.baxterconsultancy.com.au;rick@baxterconsultancy.com.au;78 Summerleas Road, FERN TREE, TAS, 7054
;;Plan Management;610419803544;www.baxterconsultancy.com.au;rick@baxterconsultancy.com.au;78 Summerleas Road, FERN TREE, TAS, 7054
Bennell, Gail Amanda;EAST DEVONPORT;Assess-Skill, Ability, Needs;610401699701;www.raisingnonverbalchildren.com;gail@raisingnonverbalchildren.com;132 Caroline St, EAST DEVONPORT, TAS, 7310
;;Comms & Info Equipment;610401699701;www.raisingnonverbalchildren.com;gail@raisingnonverbalchildren.com;132 Caroline St, EAST DEVONPORT, TAS, 7310
;;Early Childhood Supports;610401699701;www.raisingnonverbalchildren.com;gail@raisingnonverbalchildren.com;132 Caroline St, EAST DEVONPORT, TAS, 7310
;;Equipment Special Assess Setup;610401699701;www.raisingnonverbalchildren.com;gail@raisingnonverbalchildren.com;132 Caroline St, EAST DEVONPORT, TAS, 7310
;;Therapeutic Supports;610401699701;www.raisingnonverbalchildren.com;gail@raisingnonverbalchildren.com;132 Caroline St, EAST DEVONPORT, TAS, 7310
BHG Pty. Ltd.;MOONAH;;;;;66 Charles Street, MOONAH, TAS, 7009
BlueLine Laundry Incorporated;NEW TOWN;Accommodation/Tenancy;;;info@blueline-laundry.com;59 CREEK RD, NEW TOWN, TAS, 7008
;;Assist Access/Maintain Employ;;;info@blueline-laundry.com;59 CREEK RD, NEW TOWN, TAS, 7008
;;Assist-Travel/Transport;;;info@blueline-laundry.com;59 CREEK RD, NEW TOWN, TAS, 7008
;;Development-Life Skills;;;info@blueline-laundry.com;59 CREEK RD, NEW TOWN, TAS, 7008
;;Participate Community;;;info@blueline-laundry.com;59 CREEK RD, NEW TOWN, TAS, 7008
C Blanch & C Watson;GEILSTON BAY;Assess-Skill, Ability, Needs;;;watson.blanch@gmail.com;42 Sunhaven Avenue, GEILSTON BAY, TAS, 7015
;;Community Nursing Care;;;watson.blanch@gmail.com;42 Sunhaven Avenue, GEILSTON BAY, TAS, 7015
C.R Horsman & S.D Horsman;WEST LAUNCESTON;Plan Management;;;samh@pjsfinancial.com.au;39 Basin Road, WEST LAUNCESTON, TAS, 7250
Canty, Leiemma Alison;LAUNCESTON;Assess-Skill, Ability, Needs;"+6161478613593
00 0000 00000";;leiemmacanty.ot@gmail.com;1 Elphin Road, LAUNCESTON, TAS, 7250
;;Early Childhood Supports;+61614786135930 0 0000 00000;;leiemmacanty.ot@gmail.com;1 Elphin Road, LAUNCESTON, TAS, 7250
;;Therapeutic Supports;+61614786135930 0 0000 00000;;leiemmacanty.ot@gmail.com;1 Elphin Road, LAUNCESTON, TAS, 7250
Care Assessment Consultants Pty. Ltd.;ROSNY PARK;;611300364876;www.careassess.com.au;info@careassess.com.au;Level 2, 6 Bayfield Street, ROSNY PARK, TAS, 7018
Carer Solutions Australia Pty Ltd - Tasmania;DERWENT PARK;Plan Management;"+611300729839
0000 000 000";;fi@carersolutions.com.au;231 Main Road, DERWENT PARK, TAS, 7009
Circular Head Aboriginal Corp;SMITHTON;Accommodation/Tenancy;;;d.baldock@chac.com.au;10 King St, Smithton, TAS, 7330
;;Assist-Life Stage, Transition;;;d.baldock@chac.com.au;10 King St, Smithton, TAS, 7330
;;Assist-Personal Activities;;;d.baldock@chac.com.au;10 King St, Smithton, TAS, 7330
;;Development-Life Skills;;;d.baldock@chac.com.au;10 King St, Smithton, TAS, 7330
Clifford Hallam Healthcare Pty Limited;DERWENT PARK;Assist Prod-Pers Care/Safety;;;carmen.riley@ch2.net.au;13 Lampton Avenue, DERWENT PARK, TAS, 7009
Clive Skilbeck;HOBART;Assess-Skill, Ability, Needs;;;clive@neuropsychtas.com.au;22 Gregory Street, Sandy Bay, HOBART, TAS, 7005
;;Behaviour Support;;;clive@neuropsychtas.com.au;22 Gregory Street, Sandy Bay, HOBART, TAS, 7005
;;Therapeutic Supports;;;clive@neuropsychtas.com.au;22 Gregory Street, Sandy Bay, HOBART, TAS, 7005
Coastal Physiotherapy Pty Ltd;BURNIE;Therapeutic Supports;;;swillis@southcom.com.au;3 King St, BURNIE, TAS, 7320
Coastal Residential Service Inc.;BURNIE;Assist Access/Maintain Employ;"+610364311454
(00)00000000";www.coastalresidentialservice.com.au;admin@coastalresidentialservice.com.au;8 Devon Street, BURNIE, TAS, 7320
;;Assistive Equip-Recreation;+610364311454  (00)00000000;www.coastalresidentialservice.com.au;admin@coastalresidentialservice.com.au;8 Devon Street, BURNIE, TAS, 7320
;;Assist-Life Stage, Transition;+610364311454  (00)00000000;www.coastalresidentialservice.com.au;admin@coastalresidentialservice.com.au;8 Devon Street, BURNIE, TAS, 7320
;;Assist-Personal Activities;+610364311454  (00)00000000;www.coastalresidentialservice.com.au;admin@coastalresidentialservice.com.au;8 Devon Street, BURNIE, TAS, 7320
;;Assist-Travel/Transport;+610364311454  (00)00000000;www.coastalresidentialservice.com.au;admin@coastalresidentialservice.com.au;8 Devon Street, BURNIE, TAS, 7320
;;Daily Tasks/Shared Living;+610364311454  (00)00000000;www.coastalresidentialservice.com.au;admin@coastalresidentialservice.com.au;8 Devon Street, BURNIE, TAS, 7320
;;Development-Life Skills;+610364311454  (00)00000000;www.coastalresidentialservice.com.au;admin@coastalresidentialservice.com.au;8 Devon Street, BURNIE, TAS, 7320
;;Participate Community;+610364311454  (00)00000000;www.coastalresidentialservice.com.au;admin@coastalresidentialservice.com.au;8 Devon Street, BURNIE, TAS, 7320
;;Training-Travel Independence;+610364311454  (00)00000000;www.coastalresidentialservice.com.au;admin@coastalresidentialservice.com.au;8 Devon Street, BURNIE, TAS, 7320
Colony 47 Inc;NORTH HOBART;Assist Access/Maintain Employ;610362141341;;sarahm@colony47.com.au;ADDRESS CONFIDENTIAL
Community Based Support Inc;MOONAH;Assist-Life Stage, Transition;"+610362086600
(00) 00000000";www.cbsaust.org.au;admin@cbsaust.org.au;24 Sunderland St, MOONAH, TAS, 7009
;;Assist-Personal Activities;+610362086600(00) 00000000;www.cbsaust.org.au;admin@cbsaust.org.au;24 Sunderland St, MOONAH, TAS, 7009
;;Assist-Travel/Transport;+610362086600(00) 00000000;www.cbsaust.org.au;admin@cbsaust.org.au;24 Sunderland St, MOONAH, TAS, 7009
;;Development-Life Skills;+610362086600(00) 00000000;www.cbsaust.org.au;admin@cbsaust.org.au;24 Sunderland St, MOONAH, TAS, 7009
;;Home Modification;+610362086600(00) 00000000;www.cbsaust.org.au;admin@cbsaust.org.au;24 Sunderland St, MOONAH, TAS, 7009
;;Household Tasks;+610362086600(00) 00000000;www.cbsaust.org.au;admin@cbsaust.org.au;24 Sunderland St, MOONAH, TAS, 7009
;;Other Innovative Supports;+610362086600(00) 00000000;www.cbsaust.org.au;admin@cbsaust.org.au;24 Sunderland St, MOONAH, TAS, 7009
;;Participate Community;+610362086600(00) 00000000;www.cbsaust.org.au;admin@cbsaust.org.au;24 Sunderland St, MOONAH, TAS, 7009
Community Mediation Service - Tasmania (Inc);HOBART;;;;manager@positivesolutions.com.au;162 Macquarie St, HOBART, TAS, 7000
Con & Gail & Peter Bakker;NORWOOD;Assist-Travel/Transport;610363434907;hobartmaxitaxi.com.au;conbakker@bigpond.com;22 Montifiore Street, NORWOOD, TAS, 7250
Condon, Sharon Kathleen;BURNIE;Assist-Integrate School/Ed;610414488947;;geminitiger26@gmail.com;122 View Road, BURNIE, TAS, 7320
;;Assist-Life Stage, Transition;610414488947;;geminitiger26@gmail.com;122 View Road, BURNIE, TAS, 7320
;;Participate Community;610414488947;;geminitiger26@gmail.com;122 View Road, BURNIE, TAS, 7320
Connect and Relate for Autism Inc;BLACKMANS BAY;Assess-Skill, Ability, Needs;;www.rdiconnect.com;rdi@asdconnect.com.au;20 Aldinga Street, BLACKMANS BAY, TAS, 7052
;;Assist-Integrate School/Ed;;www.rdiconnect.com;rdi@asdconnect.com.au;20 Aldinga Street, BLACKMANS BAY, TAS, 7052
;;Early Childhood Supports;;www.rdiconnect.com;rdi@asdconnect.com.au;20 Aldinga Street, BLACKMANS BAY, TAS, 7052
;;Other Innovative Supports;;www.rdiconnect.com;rdi@asdconnect.com.au;20 Aldinga Street, BLACKMANS BAY, TAS, 7052
;;Therapeutic Supports;;www.rdiconnect.com;rdi@asdconnect.com.au;20 Aldinga Street, BLACKMANS BAY, TAS, 7052
COSMOS Inc;NEW TOWN;Assist Access/Maintain Employ;;;catherine.viney@cosmos.org.au;52 New Town Rd, NEW TOWN, TAS, 7008
;;Assist-Life Stage, Transition;;;catherine.viney@cosmos.org.au;52 New Town Rd, NEW TOWN, TAS, 7008
;;Assist-Personal Activities;;;catherine.viney@cosmos.org.au;52 New Town Rd, NEW TOWN, TAS, 7008
;;Daily Tasks/Shared Living;;;catherine.viney@cosmos.org.au;52 New Town Rd, NEW TOWN, TAS, 7008
;;Development-Life Skills;;;catherine.viney@cosmos.org.au;52 New Town Rd, NEW TOWN, TAS, 7008
;;Participate Community;;;catherine.viney@cosmos.org.au;52 New Town Rd, NEW TOWN, TAS, 7008
;;Training-Travel Independence;;;catherine.viney@cosmos.org.au;52 New Town Rd, NEW TOWN, TAS, 7008
D.J Radley & J.R Radley;NEW TOWN;Therapeutic Supports;"+610362285535
(00) 00000000";www.theepicentre.net.au;admin@theepicentre.net.au;The Old Parsonage, 160 New Town Road, NEW TOWN, TAS, 7008
Department of Health and Human Services;HOBART;Assess-Skill, Ability, Needs;;https://www.dhhs.tas.gov.au/;;Level 3, 99 Bathurst Street, Hobart, TAS, 7000
;;Behaviour Support;;https://www.dhhs.tas.gov.au/;;Level 3, 99 Bathurst Street, Hobart, TAS, 7000
;;Equipment Special Assess Setup;;https://www.dhhs.tas.gov.au/;;Level 3, 99 Bathurst Street, Hobart, TAS, 7000
;;Personal Mobility Equipment;;https://www.dhhs.tas.gov.au/;;Level 3, 99 Bathurst Street, Hobart, TAS, 7000
;;Therapeutic Supports;;https://www.dhhs.tas.gov.au/;;Level 3, 99 Bathurst Street, Hobart, TAS, 7000
Devonfield Enterprises Inc.;DEVONPORT;Assess-Skill, Ability, Needs;;;sdaley@devonfield.com.au;133 MIDDLE RD, DEVONPORT, TAS, 7310
;;Assist Access/Maintain Employ;;;sdaley@devonfield.com.au;133 MIDDLE RD, DEVONPORT, TAS, 7310
;;Assistive Equip-Recreation;;;sdaley@devonfield.com.au;133 MIDDLE RD, DEVONPORT, TAS, 7310
;;Assist-Personal Activities;;;sdaley@devonfield.com.au;133 MIDDLE RD, DEVONPORT, TAS, 7310
;;Daily Tasks/Shared Living;;;sdaley@devonfield.com.au;133 MIDDLE RD, DEVONPORT, TAS, 7310
;;Development-Life Skills;;;sdaley@devonfield.com.au;133 MIDDLE RD, DEVONPORT, TAS, 7310
;;Equipment Special Assess Setup;;;sdaley@devonfield.com.au;133 MIDDLE RD, DEVONPORT, TAS, 7310
;;Household Tasks;;;sdaley@devonfield.com.au;133 MIDDLE RD, DEVONPORT, TAS, 7310
;;Participate Community;;;sdaley@devonfield.com.au;133 MIDDLE RD, DEVONPORT, TAS, 7310
;;Training-Travel Independence;;;sdaley@devonfield.com.au;133 MIDDLE RD, DEVONPORT, TAS, 7310
Diane Reynoldson;NEW TOWN;;;;;28 Bishop St, NEW TOWN, TAS, 7008
Dineen, Kate Megan;NEWSTEAD;Assess-Skill, Ability, Needs;610414836508;;dineenspeechpathology@gmail.com;21 Kenyon Street, NEWSTEAD, TAS, 7250
;;Equipment Special Assess Setup;610414836508;;dineenspeechpathology@gmail.com;21 Kenyon Street, NEWSTEAD, TAS, 7250
;;Therapeutic Supports;610414836508;;dineenspeechpathology@gmail.com;21 Kenyon Street, NEWSTEAD, TAS, 7250
Dr Ian Wilson Pty Ltd;GLEBE, HOBART;;610407627470;;ianwilson76@hotmail.com;8 Davenport Street, GLEBE, HOBART, TAS, 7000
Dr Janine Elizabeth Martin;SANDY BAY;Assess-Skill, Ability, Needs;;;janine@neuropsychtas.com.au;22 Gregory St, SANDY BAY, TAS, 7005
;;Behaviour Support;;;janine@neuropsychtas.com.au;22 Gregory St, SANDY BAY, TAS, 7005
;;Therapeutic Supports;;;janine@neuropsychtas.com.au;22 Gregory St, SANDY BAY, TAS, 7005
Dunn, Caroline Joy;BURNIE;;;;;133 Mount Street, BURNIE, TAS, 7320
Dyer, Arwen Tiffany;LAUDERDALE;Other Innovative Supports;610419249867;;arwendyer@icloud.com;ADDRESS CONFIDENTIAL
;;Therapeutic Supports;610419249867;;arwendyer@icloud.com;ADDRESS CONFIDENTIAL
E De Zordi and M Jamu;FRANKSTON SOUTH;;611300243934;www.EliteRespiteCare.com.au;info@eliterespitecare.com.au;ADDRESS CONFIDENTIAL
Eckhardt Crawford Pty. Ltd.;HOBART;Therapeutic Supports;610362313939;;hobartonmurray@backinmotion.com.au;221 Murray Street, HOBART, TAS, 7000
Endeavour Foundation;CANNON HILL;;611800363328;http://www.endeavour.com.au/;centralintake@endeavour.com.au;1/50 Southgate Ave, CANNON HILL, QLD, 4170
Epic Employment Service Incorporated;WINDSOR;Plan Management;610738575085;www.epicassist.org;epic@epic.org.au;230 Lutwyche Rd, WINDSOR, QLD, 4030
Ernst, Beverley;LAUNCESTON;;;;bevernst@bigpond.com;218 Charles St, LAUNCESTON, TAS, 7250
Eskleigh Foundation Incorporated;PERTH;Assist-Personal Activities;;;dluttrell@eskleigh.com.au;16087 Midlands Highway, PERTH, TAS, 7300
;;Assist-Travel/Transport;;;dluttrell@eskleigh.com.au;16087 Midlands Highway, PERTH, TAS, 7300
;;Daily Tasks/Shared Living;;;dluttrell@eskleigh.com.au;16087 Midlands Highway, PERTH, TAS, 7300
;;Development-Life Skills;;;dluttrell@eskleigh.com.au;16087 Midlands Highway, PERTH, TAS, 7300
;;Participate Community;;;dluttrell@eskleigh.com.au;16087 Midlands Highway, PERTH, TAS, 7300
;;Training-Travel Independence;;;dluttrell@eskleigh.com.au;16087 Midlands Highway, PERTH, TAS, 7300
Family Based Care Association (Northern Region) Inc;LAUNCESTON;Assess-Skill, Ability, Needs;;;accounts@fbcnorth.org.au;22 Earl Street, LAUNCESTON, TAS, 7250
;;Assist-Life Stage, Transition;;;accounts@fbcnorth.org.au;22 Earl Street, LAUNCESTON, TAS, 7250
;;Assist-Personal Activities;;;accounts@fbcnorth.org.au;22 Earl Street, LAUNCESTON, TAS, 7250
;;Assist-Travel/Transport;;;accounts@fbcnorth.org.au;22 Earl Street, LAUNCESTON, TAS, 7250
;;Development-Life Skills;;;accounts@fbcnorth.org.au;22 Earl Street, LAUNCESTON, TAS, 7250
;;Household Tasks;;;accounts@fbcnorth.org.au;22 Earl Street, LAUNCESTON, TAS, 7250
;;Participate Community;;;accounts@fbcnorth.org.au;22 Earl Street, LAUNCESTON, TAS, 7250
Family Based Care Association North West Inc;BURNIE;Assess-Skill, Ability, Needs;;;ddoherty@familybasedcare.org.au;75 Mount Street, BURNIE, TAS, 7320
;;Assist-Integrate School/Ed;;;ddoherty@familybasedcare.org.au;75 Mount Street, BURNIE, TAS, 7320
;;Assist-Life Stage, Transition;;;ddoherty@familybasedcare.org.au;75 Mount Street, BURNIE, TAS, 7320
;;Assist-Personal Activities;;;ddoherty@familybasedcare.org.au;75 Mount Street, BURNIE, TAS, 7320
;;Assist-Travel/Transport;;;ddoherty@familybasedcare.org.au;75 Mount Street, BURNIE, TAS, 7320
;;Development-Life Skills;;;ddoherty@familybasedcare.org.au;75 Mount Street, BURNIE, TAS, 7320
;;Household Tasks;;;ddoherty@familybasedcare.org.au;75 Mount Street, BURNIE, TAS, 7320
;;Participate Community;;;ddoherty@familybasedcare.org.au;75 Mount Street, BURNIE, TAS, 7320
;;Training-Travel Independence;;;ddoherty@familybasedcare.org.au;75 Mount Street, BURNIE, TAS, 7320
Farquhar, Lorna Nicole;NEWSTEAD;Assess-Skill, Ability, Needs;"+610402040073
0000 000 000";;contact@otrehabservices.com.au;Confidential, NEWSTEAD, TAS, 7250
;;Therapeutic Supports;+6104020400730 000 000 000;;contact@otrehabservices.com.au;Confidential, NEWSTEAD, TAS, 7250
GC SERVICES INCORPORATED;LATROBE;Assist-Personal Activities;;;gleeclub@internode.on.net;89a Glibert Street, LATROBE, TAS, 7307
;;Assist-Travel/Transport;;;gleeclub@internode.on.net;89a Glibert Street, LATROBE, TAS, 7307
;;Daily Tasks/Shared Living;;;gleeclub@internode.on.net;89a Glibert Street, LATROBE, TAS, 7307
;;Development-Life Skills;;;gleeclub@internode.on.net;89a Glibert Street, LATROBE, TAS, 7307
;;Participate Community;;;gleeclub@internode.on.net;89a Glibert Street, LATROBE, TAS, 7307
;;Training-Travel Independence;;;gleeclub@internode.on.net;89a Glibert Street, LATROBE, TAS, 7307
;;Vehicle modifications;;;gleeclub@internode.on.net;89a Glibert Street, LATROBE, TAS, 7307
Giant Steps Tasmania Inc;DELORAINE;Assess-Skill, Ability, Needs;;;autism@giantsteps.tas.edu.au;37 West Church Street, DELORAINE, TAS, 7304
;;Assist-Integrate School/Ed;;;autism@giantsteps.tas.edu.au;37 West Church Street, DELORAINE, TAS, 7304
;;Assist-Personal Activities;;;autism@giantsteps.tas.edu.au;37 West Church Street, DELORAINE, TAS, 7304
;;Behaviour Support;;;autism@giantsteps.tas.edu.au;37 West Church Street, DELORAINE, TAS, 7304
;;Development-Life Skills;;;autism@giantsteps.tas.edu.au;37 West Church Street, DELORAINE, TAS, 7304
;;Early Childhood Supports;;;autism@giantsteps.tas.edu.au;37 West Church Street, DELORAINE, TAS, 7304
;;Participate Community;;;autism@giantsteps.tas.edu.au;37 West Church Street, DELORAINE, TAS, 7304
;;Therapeutic Supports;;;autism@giantsteps.tas.edu.au;37 West Church Street, DELORAINE, TAS, 7304
Giblin, Thomas;TAROONA;Assist Access/Maintain Employ;610408502388;;tom@absolute-clarity.com;111 Channel Highway, TAROONA, TAS, 7053
;;Assist-Integrate School/Ed;610408502388;;tom@absolute-clarity.com;111 Channel Highway, TAROONA, TAS, 7053
;;Assist-Life Stage, Transition;610408502388;;tom@absolute-clarity.com;111 Channel Highway, TAROONA, TAS, 7053
Glenhaven Family Care Inc;ULVERSTONE;Assist-Personal Activities;610364255090;www.glenhaven.org.au;care@glenhaven.org.au;41 Clayton Road, ULVERSTONE, TAS, 7315
;;Assist-Travel/Transport;610364255090;www.glenhaven.org.au;care@glenhaven.org.au;41 Clayton Road, ULVERSTONE, TAS, 7315
;;Development-Life Skills;610364255090;www.glenhaven.org.au;care@glenhaven.org.au;41 Clayton Road, ULVERSTONE, TAS, 7315
;;Participate Community;610364255090;www.glenhaven.org.au;care@glenhaven.org.au;41 Clayton Road, ULVERSTONE, TAS, 7315
Glenview Community Services Inc.;GLENORCHY;;610362778800;www.glenview.org.au;apage@glenview.org.au;2-10 Windsor Street, GLENORCHY, TAS, 7010
Gowland, Rodney J;INVERMAY;;;;lorrainegowland@internode.on.net;38 Bryan Street, INVERMAY, TAS, 7248
Grierson, Julie Louise;KINGSTON BEACH;Assess-Skill, Ability, Needs;;;julie.grierson@gmail.com;30 Roslyn Avenue, KINGSTON BEACH, TAS, 7050
;;Equipment Special Assess Setup;;;julie.grierson@gmail.com;30 Roslyn Avenue, KINGSTON BEACH, TAS, 7050
;;Therapeutic Supports;;;julie.grierson@gmail.com;30 Roslyn Avenue, KINGSTON BEACH, TAS, 7050
H Andrews & M.S Bowes;CAMBRIDGE;;;;info@handmservices.com;Unit 9/14 Kennedy Drive, CAMBRIDGE, TAS, 7170
Hadrill, Anne Meredith;LINDISFARNE;Assist-Integrate School/Ed;610362438715;www.lindisfarnepsychology.com.au;lindis.psychology@bigpond.com;44a Lincoln St, LINDISFARNE, TAS, 7015
;;Behaviour Support;610362438715;www.lindisfarnepsychology.com.au;lindis.psychology@bigpond.com;44a Lincoln St, LINDISFARNE, TAS, 7015
;;Development-Life Skills;610362438715;www.lindisfarnepsychology.com.au;lindis.psychology@bigpond.com;44a Lincoln St, LINDISFARNE, TAS, 7015
;;Participate Community;610362438715;www.lindisfarnepsychology.com.au;lindis.psychology@bigpond.com;44a Lincoln St, LINDISFARNE, TAS, 7015
;;Training-Travel Independence;610362438715;www.lindisfarnepsychology.com.au;lindis.psychology@bigpond.com;44a Lincoln St, LINDISFARNE, TAS, 7015
Headway North West Inc;BURNIE;;610364323629;;kate@headwaynw.org;Suite 1, 11 Wilson Street, BURNIE, TAS, 7320
Headway Support Services Tasmania inc;NORTH HOBART;Assist Access/Maintain Employ;;;info@headwaytas.net.au;26-32 Wellington Street, NORTH HOBART, TAS, 7000
;;Assistive Equip-Recreation;;;info@headwaytas.net.au;26-32 Wellington Street, NORTH HOBART, TAS, 7000
;;Assist-Life Stage, Transition;;;info@headwaytas.net.au;26-32 Wellington Street, NORTH HOBART, TAS, 7000
;;Assist-Personal Activities;;;info@headwaytas.net.au;26-32 Wellington Street, NORTH HOBART, TAS, 7000
;;Daily Tasks/Shared Living;;;info@headwaytas.net.au;26-32 Wellington Street, NORTH HOBART, TAS, 7000
;;Development-Life Skills;;;info@headwaytas.net.au;26-32 Wellington Street, NORTH HOBART, TAS, 7000
;;Household Tasks;;;info@headwaytas.net.au;26-32 Wellington Street, NORTH HOBART, TAS, 7000
;;Participate Community;;;info@headwaytas.net.au;26-32 Wellington Street, NORTH HOBART, TAS, 7000
;;Training-Travel Independence;;;info@headwaytas.net.au;26-32 Wellington Street, NORTH HOBART, TAS, 7000
Hobart City Council;HOBART;;610362226961;www.hobartcity.com.au;thac@hobartcity.com.au;1 Davies Avenue, HOBART, TAS, 7000
Hobart City Mission Inc.;HOBART;Assistive Equip-Recreation;;;info@hcm.asn.au;50 Barrack Street, HOBART, TAS, 7000
;;Assist-Life Stage, Transition;;;info@hcm.asn.au;50 Barrack Street, HOBART, TAS, 7000
;;Assist-Personal Activities;;;info@hcm.asn.au;50 Barrack Street, HOBART, TAS, 7000
;;Daily Tasks/Shared Living;;;info@hcm.asn.au;50 Barrack Street, HOBART, TAS, 7000
;;Development-Life Skills;;;info@hcm.asn.au;50 Barrack Street, HOBART, TAS, 7000
;;Household Tasks;;;info@hcm.asn.au;50 Barrack Street, HOBART, TAS, 7000
;;Participate Community;;;info@hcm.asn.au;50 Barrack Street, HOBART, TAS, 7000
;;Training-Travel Independence;;;info@hcm.asn.au;50 Barrack Street, HOBART, TAS, 7000
HOPES INC;MOONAH;;610362741883;www.hopes.org.au;hopesinc@bigpond.com;UNIT 8, 35 HOPKINS STREET, MOONAH, TAS, 7009
In-Balance Physiotherapy and Pilates Pty Ltd;LAUNCESTON;Assess-Skill, Ability, Needs;;;inbalancephysio@bigpond.com;18 Paterson Street, LAUNCESTON, TAS, 7250
;;Equipment Special Assess Setup;;;inbalancephysio@bigpond.com;18 Paterson Street, LAUNCESTON, TAS, 7250
;;Therapeutic Supports;;;inbalancephysio@bigpond.com;18 Paterson Street, LAUNCESTON, TAS, 7250
Independent Health Care Service Pty Ltd;MOONAH;Assist-Life Stage, Transition;;;ihcs@independenthealth.com.au;4 Sunderland Street, MOONAH, TAS, 7009
;;Assist-Personal Activities;;;ihcs@independenthealth.com.au;4 Sunderland Street, MOONAH, TAS, 7009
;;Assist-Travel/Transport;;;ihcs@independenthealth.com.au;4 Sunderland Street, MOONAH, TAS, 7009
;;Behaviour Support;;;ihcs@independenthealth.com.au;4 Sunderland Street, MOONAH, TAS, 7009
;;Community Nursing Care;;;ihcs@independenthealth.com.au;4 Sunderland Street, MOONAH, TAS, 7009
;;Daily Tasks/Shared Living;;;ihcs@independenthealth.com.au;4 Sunderland Street, MOONAH, TAS, 7009
;;Development-Life Skills;;;ihcs@independenthealth.com.au;4 Sunderland Street, MOONAH, TAS, 7009
;;Household Tasks;;;ihcs@independenthealth.com.au;4 Sunderland Street, MOONAH, TAS, 7009
;;Other Innovative Supports;;;ihcs@independenthealth.com.au;4 Sunderland Street, MOONAH, TAS, 7009
;;Participate Community;;;ihcs@independenthealth.com.au;4 Sunderland Street, MOONAH, TAS, 7009
;;Training-Travel Independence;;;ihcs@independenthealth.com.au;4 Sunderland Street, MOONAH, TAS, 7009
Independent Living Centre (Tas) Inc;LAUNCESTON;Assess-Skill, Ability, Needs;610363345899;www.ilctas.asn.au;ilc@ilctas.asn.au;46 Canning Street, LAUNCESTON, TAS, 7250
;;Assist Access/Maintain Employ;610363345899;www.ilctas.asn.au;ilc@ilctas.asn.au;46 Canning Street, LAUNCESTON, TAS, 7250
;;Development-Life Skills;610363345899;www.ilctas.asn.au;ilc@ilctas.asn.au;46 Canning Street, LAUNCESTON, TAS, 7250
;;Equipment Special Assess Setup;610363345899;www.ilctas.asn.au;ilc@ilctas.asn.au;46 Canning Street, LAUNCESTON, TAS, 7250
;;Therapeutic Supports;610363345899;www.ilctas.asn.au;ilc@ilctas.asn.au;46 Canning Street, LAUNCESTON, TAS, 7250
Independent Services Inc;LAUNCESTON;Development-Life Skills;;;indservices@southcom.com.au;223B Charles Street, LAUNCESTON, TAS, 7250
;;Participate Community;;;indservices@southcom.com.au;223B Charles Street, LAUNCESTON, TAS, 7250
;;Training-Travel Independence;;;indservices@southcom.com.au;223B Charles Street, LAUNCESTON, TAS, 7250
IndyTech Pty Ltd;HADFIELD;;;;;ADDRESS CONFIDENTIAL
Integrated Care Pty Ltd;BURNIE;Assist Access/Maintain Employ;;;;31A Marine Terrace, BURNIE, TAS, 7320
integratedliving Australia Ltd;LAUNCESTON;Assess-Skill, Ability, Needs;610363333999;www.integratedliving.org.au;accounts@integratedliving.org.au;22 Earl Street, LAUNCESTON, TAS, 7250
;;Assist-Life Stage, Transition;610363333999;www.integratedliving.org.au;accounts@integratedliving.org.au;22 Earl Street, LAUNCESTON, TAS, 7250
;;Assist-Personal Activities;610363333999;www.integratedliving.org.au;accounts@integratedliving.org.au;22 Earl Street, LAUNCESTON, TAS, 7250
;;Assist-Travel/Transport;610363333999;www.integratedliving.org.au;accounts@integratedliving.org.au;22 Earl Street, LAUNCESTON, TAS, 7250
;;Development-Life Skills;610363333999;www.integratedliving.org.au;accounts@integratedliving.org.au;22 Earl Street, LAUNCESTON, TAS, 7250
;;Household Tasks;610363333999;www.integratedliving.org.au;accounts@integratedliving.org.au;22 Earl Street, LAUNCESTON, TAS, 7250
;;Participate Community;610363333999;www.integratedliving.org.au;accounts@integratedliving.org.au;22 Earl Street, LAUNCESTON, TAS, 7250
IntoCare Incorporated;ROSE BAY;;610402125099;www.intocare.org.au;admin@intocare.org.au;ADDRESS CONFIDENTIAL
Israel, Alain Georges;LAUNCESTON;Therapeutic Supports;;;admin@elphinphysio.com.au;55 Elphin Road, LAUNCESTON, TAS, 7250
Jez 6000 Pty Ltd;BLACKSTONE HEIGHTS;;;;info@hiho.net.au;22 Longvista Road, BLACKSTONE HEIGHTS, TAS, 7250
John Thomas Byers;LAUNCESTON;;;;jtbyers@bigpond.com;11 Princes Street, LAUNCESTON, TAS, 7250
Jones, Phillip Mark;LINDISFARNE;;;;lgmtas@internode.on.net;118 Flagstaff Gully Road, LINDISFARNE, TAS, 7015
K.E Harth & K.D Wilson;WEST HOBART;;;;kate.wilson1@education.tas.gov.au;35 Mellifont St, WEST HOBART, TAS, 7000
Keen Affairs Pty Ltd;BURNIE;Physical Wellbeing;"+610364314708
00 00000000";www.healthglo.com.au;andrew@healtglo.com.au;8 Uplands Place, BURNIE, TAS, 7320
Kelso House Pty Ltd;EXETER;Assess-Skill, Ability, Needs;;;admin@westtamarphysio.com.au;7 Glen Ard Mohr Road, EXETER, TAS, 7275
;;Equipment Special Assess Setup;;;admin@westtamarphysio.com.au;7 Glen Ard Mohr Road, EXETER, TAS, 7275
;;Other Innovative Supports;;;admin@westtamarphysio.com.au;7 Glen Ard Mohr Road, EXETER, TAS, 7275
;;Physical Wellbeing;;;admin@westtamarphysio.com.au;7 Glen Ard Mohr Road, EXETER, TAS, 7275
;;Therapeutic Supports;;;admin@westtamarphysio.com.au;7 Glen Ard Mohr Road, EXETER, TAS, 7275
Kenyon, Janette;RELBIA;Assist-Life Stage, Transition;610438367425;;janette.kenyon@education.tas.gov.au;201 Relbia Road, RELBIA, TAS, 7258
KinCare Health Services Pty. Ltd.;HOBART;Assist-Life Stage, Transition;611300733510;kincare.com.au;tas@kincare.com.au;Suite 1, 32 Patrick Street, HOBART, TAS, 7000
;;Assist-Personal Activities;611300733510;kincare.com.au;tas@kincare.com.au;Suite 1, 32 Patrick Street, HOBART, TAS, 7000
;;Development-Life Skills;611300733510;kincare.com.au;tas@kincare.com.au;Suite 1, 32 Patrick Street, HOBART, TAS, 7000
;;Participate Community;611300733510;kincare.com.au;tas@kincare.com.au;Suite 1, 32 Patrick Street, HOBART, TAS, 7000
Kingborough Council;KINGSTON;;610362118262;www.kscfitness.com.au;ajenni@kingborough.tas.gov.au;Kingborough Sports Centre, Kingston View Dr, KINGSTON, TAS, 7050
Kirby, Miriam Louise;LINDISFARNE;;610362438715;www.lindisfarnepsychology.com;miriam.kirby@bigpond.com;Lindisfarne Psychology and Wellbeing Centre, 44a Lincoln St, LINDISFARNE, TAS, 7015
Kuver Designs PTY. LTD.;SANDY BAY;;610362253457;http://www.eenee.com.au;eenee@eenee.com.au;2/8 Binney Crt, SANDY BAY, TAS, 7005
LAMONT, JOHN MARK;LINDISFARNE;;610427208924;;mklamont@bigpond.net.au;Lindisfarne Psychology & Wellbeing Centre, 44a Lincoln Street, LINDISFARNE, TAS, 7015
Langford Support Services Inc;MOONAH;Accommodation/Tenancy;;;reception@langford.org.au;1 Bowen Road, MOONAH, TAS, 7009
;;Assist-Life Stage, Transition;;;reception@langford.org.au;1 Bowen Road, MOONAH, TAS, 7009
;;Assist-Personal Activities;;;reception@langford.org.au;1 Bowen Road, MOONAH, TAS, 7009
;;Assist-Travel/Transport;;;reception@langford.org.au;1 Bowen Road, MOONAH, TAS, 7009
;;Daily Tasks/Shared Living;;;reception@langford.org.au;1 Bowen Road, MOONAH, TAS, 7009
;;Development-Life Skills;;;reception@langford.org.au;1 Bowen Road, MOONAH, TAS, 7009
;;Other Innovative Supports;;;reception@langford.org.au;1 Bowen Road, MOONAH, TAS, 7009
;;Participate Community;;;reception@langford.org.au;1 Bowen Road, MOONAH, TAS, 7009
;;Training-Travel Independence;;;reception@langford.org.au;1 Bowen Road, MOONAH, TAS, 7009
;;Vehicle modifications;;;reception@langford.org.au;1 Bowen Road, MOONAH, TAS, 7009
L'Arche Beni-Abbes Community Inc;LUTANA;Accommodation/Tenancy;;;hobart@larche.org.au;24 Lennox Avenue, LUTANA, TAS, 7009
;;Assist-Personal Activities;;;hobart@larche.org.au;24 Lennox Avenue, LUTANA, TAS, 7009
;;Daily Tasks/Shared Living;;;hobart@larche.org.au;24 Lennox Avenue, LUTANA, TAS, 7009
;;Development-Life Skills;;;hobart@larche.org.au;24 Lennox Avenue, LUTANA, TAS, 7009
;;Household Tasks;;;hobart@larche.org.au;24 Lennox Avenue, LUTANA, TAS, 7009
;;Participate Community;;;hobart@larche.org.au;24 Lennox Avenue, LUTANA, TAS, 7009
;;Physical Wellbeing;;;hobart@larche.org.au;24 Lennox Avenue, LUTANA, TAS, 7009
;;Training-Travel Independence;;;hobart@larche.org.au;24 Lennox Avenue, LUTANA, TAS, 7009
Larry W Cashion & Philomena K Nixey;LAUNCESTON;;610429057755;www.drcashion.com.au;larry@cashion.net;Suite 5, QV Centre, 7 High Street, LAUNCESTON, TAS, 7250
Latitude Therapy Enterprises Pty. Ltd.;PENGUIN;Assess-Skill, Ability, Needs;;;linda_barker1@hotmail.com;10 King Edward Street, PENGUIN, TAS, 7316
;;Assist Access/Maintain Employ;;;linda_barker1@hotmail.com;10 King Edward Street, PENGUIN, TAS, 7316
;;Comms & Info Equipment;;;linda_barker1@hotmail.com;10 King Edward Street, PENGUIN, TAS, 7316
;;Equipment Special Assess Setup;;;linda_barker1@hotmail.com;10 King Edward Street, PENGUIN, TAS, 7316
;;Other Innovative Supports;;;linda_barker1@hotmail.com;10 King Edward Street, PENGUIN, TAS, 7316
;;Therapeutic Supports;;;linda_barker1@hotmail.com;10 King Edward Street, PENGUIN, TAS, 7316
Life Without Barriers;CLAREMONT;Assist-Integrate School/Ed;;;tasenquiries@lwb.org.au;27 Bristol Road, CLAREMONT, TAS, 7011
;;Assist-Life Stage, Transition;;;tasenquiries@lwb.org.au;27 Bristol Road, CLAREMONT, TAS, 7011
;;Assist-Personal Activities;;;tasenquiries@lwb.org.au;27 Bristol Road, CLAREMONT, TAS, 7011
;;Daily Tasks/Shared Living;;;tasenquiries@lwb.org.au;27 Bristol Road, CLAREMONT, TAS, 7011
;;Development-Life Skills;;;tasenquiries@lwb.org.au;27 Bristol Road, CLAREMONT, TAS, 7011
;;Household Tasks;;;tasenquiries@lwb.org.au;27 Bristol Road, CLAREMONT, TAS, 7011
;;Other Innovative Supports;;;tasenquiries@lwb.org.au;27 Bristol Road, CLAREMONT, TAS, 7011
;;Participate Community;;;tasenquiries@lwb.org.au;27 Bristol Road, CLAREMONT, TAS, 7011
;;Training-Travel Independence;;;tasenquiries@lwb.org.au;27 Bristol Road, CLAREMONT, TAS, 7011
Lifestyle Solutions (Aust) Ltd;TULLAMARINE;Assist-Life Stage, Transition;;www.lifestylesolutions.org.au;info@lifestylesolutions.org.au;Suite 1, 7-9 Mallett Road, TULLAMARINE, VIC, 3043
;;Assist-Personal Activities;;www.lifestylesolutions.org.au;info@lifestylesolutions.org.au;Suite 1, 7-9 Mallett Road, TULLAMARINE, VIC, 3043
;;Daily Tasks/Shared Living;;www.lifestylesolutions.org.au;info@lifestylesolutions.org.au;Suite 1, 7-9 Mallett Road, TULLAMARINE, VIC, 3043
;;Development-Life Skills;;www.lifestylesolutions.org.au;info@lifestylesolutions.org.au;Suite 1, 7-9 Mallett Road, TULLAMARINE, VIC, 3043
;;Household Tasks;;www.lifestylesolutions.org.au;info@lifestylesolutions.org.au;Suite 1, 7-9 Mallett Road, TULLAMARINE, VIC, 3043
;;Participate Community;;www.lifestylesolutions.org.au;info@lifestylesolutions.org.au;Suite 1, 7-9 Mallett Road, TULLAMARINE, VIC, 3043
;;Plan Management;;www.lifestylesolutions.org.au;info@lifestylesolutions.org.au;Suite 1, 7-9 Mallett Road, TULLAMARINE, VIC, 3043
Lillico, Sonia Maree;PENGUIN;Comms & Info Equipment;"+610424346504
0000 000 000";;smlillico@gmail.com;Hampson Street, PENGUIN, TAS, 7316
;;Early Childhood Supports;+6104243465040 000 000 000;;smlillico@gmail.com;Hampson Street, PENGUIN, TAS, 7316
;;Equipment Special Assess Setup;+6104243465040 000 000 000;;smlillico@gmail.com;Hampson Street, PENGUIN, TAS, 7316
;;Therapeutic Supports;+6104243465040 000 000 000;;smlillico@gmail.com;Hampson Street, PENGUIN, TAS, 7316
Linda Morice;PIPERS BROOK;Assess-Skill, Ability, Needs;;;linda.morice@bigpond.com;4232 Bridport Road, PIPERS BROOK, TAS, 7254
;;Equipment Special Assess Setup;;;linda.morice@bigpond.com;4232 Bridport Road, PIPERS BROOK, TAS, 7254
;;Therapeutic Supports;;;linda.morice@bigpond.com;4232 Bridport Road, PIPERS BROOK, TAS, 7254
Liviende Incorporated;LAUNCESTON;Assist-Personal Activities;;;janette@liviende.org.au;7-9 Cameron Street, LAUNCESTON, TAS, 7250
;;Assist-Travel/Transport;;;janette@liviende.org.au;7-9 Cameron Street, LAUNCESTON, TAS, 7250
;;Daily Tasks/Shared Living;;;janette@liviende.org.au;7-9 Cameron Street, LAUNCESTON, TAS, 7250
;;Participate Community;;;janette@liviende.org.au;7-9 Cameron Street, LAUNCESTON, TAS, 7250
M Maloney and P B Maloney;HOBART;Therapeutic Supports;"+61080455498963
00 0000000000";www.therapytasmania.com.au;madeleine@therapytasmania.com.au;225 bathurst st, HOBART, TAS, 7000
Mark Cranage;KINGSTON;;610362296017;www.threhab.com.au;mark@threhab.com.au;10 Mertonvale Circuit, KINGSTON, TAS, 7050
McClymont, Jeannie;PENGUIN;Assess-Skill, Ability, Needs;610408234519;;jmcc_ot@bigpond.net.au;70 Mission Hill Road, PENGUIN, TAS, 7316
;;Equipment Special Assess Setup;610408234519;;jmcc_ot@bigpond.net.au;70 Mission Hill Road, PENGUIN, TAS, 7316
;;Therapeutic Supports;610408234519;;jmcc_ot@bigpond.net.au;70 Mission Hill Road, PENGUIN, TAS, 7316
MCCRUM, EMMA-JANE ROSALIND;LAUNCESTON;Assess-Skill, Ability, Needs;610438521758;;ejmccrum@yahoo.com;11 Wellington Street, LAUNCESTON, TAS, 7250
;;Therapeutic Supports;610438521758;;ejmccrum@yahoo.com;11 Wellington Street, LAUNCESTON, TAS, 7250
McLean Investments Pty Ltd;LAUNCESTON;Personal Mobility Equipment;;;office@mchealth.com.au;24-26 Earl Street, LAUNCESTON, TAS, 7250
Medifab Limited;EAST DEVONPORT;Personal Mobility Equipment;;;;26 Pardoe Street, EAST DEVONPORT, TAS, 7310
MEGT (Australia) Ltd;NORTH HOBART;;;;skillspotential@megt.com.au;Mitchell Building, 65 Letitia St, NORTH HOBART, TAS, 7002
Mental Illness Fellowship Victoria;LAUNCESTON;Assess-Skill, Ability, Needs;;;;190 Charles Street, LAUNCESTON, TAS, 7250
;;Assist-Life Stage, Transition;;;;190 Charles Street, LAUNCESTON, TAS, 7250
;;Assist-Personal Activities;;;;190 Charles Street, LAUNCESTON, TAS, 7250
;;Daily Tasks/Shared Living;;;;190 Charles Street, LAUNCESTON, TAS, 7250
;;Development-Life Skills;;;;190 Charles Street, LAUNCESTON, TAS, 7250
;;Participate Community;;;;190 Charles Street, LAUNCESTON, TAS, 7250
;;Therapeutic Supports;;;;190 Charles Street, LAUNCESTON, TAS, 7250
Merry, Catherine Jane;NEWSTEAD;Assess-Skill, Ability, Needs;610400042001;;cmerry@iinet.net.au;124 Elphin Road, NEWSTEAD, TAS, 7250
;;Assistive Equip-Recreation;610400042001;;cmerry@iinet.net.au;124 Elphin Road, NEWSTEAD, TAS, 7250
;;Equipment Special Assess Setup;610400042001;;cmerry@iinet.net.au;124 Elphin Road, NEWSTEAD, TAS, 7250
;;Other Innovative Supports;610400042001;;cmerry@iinet.net.au;124 Elphin Road, NEWSTEAD, TAS, 7250
;;Therapeutic Supports;610400042001;;cmerry@iinet.net.au;124 Elphin Road, NEWSTEAD, TAS, 7250
Mersey Leven Child Care Services Inc;DEVONPORT;;;;admin@merseyleven.com.au;32-36 Valley Rd, DEVONPORT, TAS, 7310
Michael R Cooper and Associates Architects Pty Ltd.;HOBART;;610362241822;http://www.mcaarchitects.com.au/;admin@mcaarchitects.com.au;The Studio, 49a Davey Street, HOBART, TAS, 7000
Mission Australia;HOBART;Assist-Life Stage, Transition;;;generalenquiries@missionaustralia.com.au;Suite 2, Level 1, 175 Collins Street, HOBART, TAS, 7000
;;Development-Life Skills;;;generalenquiries@missionaustralia.com.au;Suite 2, Level 1, 175 Collins Street, HOBART, TAS, 7000
;;Participate Community;;;generalenquiries@missionaustralia.com.au;Suite 2, Level 1, 175 Collins Street, HOBART, TAS, 7000
Montagu Community Living Inc;MOONAH;Assist-Life Stage, Transition;6162787599;www.mcl.org.au;melharback@mcl.org.au;1 Bowen Rd, MOONAH, TAS, 7009
;;Assist-Personal Activities;6162787599;www.mcl.org.au;melharback@mcl.org.au;1 Bowen Rd, MOONAH, TAS, 7009
;;Daily Tasks/Shared Living;6162787599;www.mcl.org.au;melharback@mcl.org.au;1 Bowen Rd, MOONAH, TAS, 7009
;;Development-Life Skills;6162787599;www.mcl.org.au;melharback@mcl.org.au;1 Bowen Rd, MOONAH, TAS, 7009
;;Participate Community;6162787599;www.mcl.org.au;melharback@mcl.org.au;1 Bowen Rd, MOONAH, TAS, 7009
;;Training-Travel Independence;6162787599;www.mcl.org.au;melharback@mcl.org.au;1 Bowen Rd, MOONAH, TAS, 7009
Multicap Tasmania;BURNIE;Accommodation/Tenancy;;;sriley@multicap.com.au;50 Marine Terrace, BURNIE, TAS, 7320
;;Assist-Life Stage, Transition;;;sriley@multicap.com.au;50 Marine Terrace, BURNIE, TAS, 7320
;;Assist-Personal Activities;;;sriley@multicap.com.au;50 Marine Terrace, BURNIE, TAS, 7320
;;Assist-Travel/Transport;;;sriley@multicap.com.au;50 Marine Terrace, BURNIE, TAS, 7320
;;Daily Tasks/Shared Living;;;sriley@multicap.com.au;50 Marine Terrace, BURNIE, TAS, 7320
;;Development-Life Skills;;;sriley@multicap.com.au;50 Marine Terrace, BURNIE, TAS, 7320
;;Household Tasks;;;sriley@multicap.com.au;50 Marine Terrace, BURNIE, TAS, 7320
;;Participate Community;;;sriley@multicap.com.au;50 Marine Terrace, BURNIE, TAS, 7320
N D Gook & R J Gook;DIAMOND CREEK;;611300287526;;;142 Everleigh Dve, DIAMOND CREEK, VIC, 3089
New Horizons Club Incorporated;MOWBRAY;;;;ruth.symons@bigpond.com;292-294 Invermay Road, MOWBRAY, TAS, 7248
Nexus Inc;MOONAH;Accommodation/Tenancy;6103621771;nexusinc.org.au;nexusinc@nexusinc.org.au;31 Gormanston Road, MOONAH, TAS, 7009
;;Assess-Skill, Ability, Needs;6103621771;nexusinc.org.au;nexusinc@nexusinc.org.au;31 Gormanston Road, MOONAH, TAS, 7009
;;Assist-Life Stage, Transition;6103621771;nexusinc.org.au;nexusinc@nexusinc.org.au;31 Gormanston Road, MOONAH, TAS, 7009
;;Assist-Personal Activities;6103621771;nexusinc.org.au;nexusinc@nexusinc.org.au;31 Gormanston Road, MOONAH, TAS, 7009
;;Assist-Travel/Transport;6103621771;nexusinc.org.au;nexusinc@nexusinc.org.au;31 Gormanston Road, MOONAH, TAS, 7009
;;Daily Tasks/Shared Living;6103621771;nexusinc.org.au;nexusinc@nexusinc.org.au;31 Gormanston Road, MOONAH, TAS, 7009
;;Development-Life Skills;6103621771;nexusinc.org.au;nexusinc@nexusinc.org.au;31 Gormanston Road, MOONAH, TAS, 7009
;;Household Tasks;6103621771;nexusinc.org.au;nexusinc@nexusinc.org.au;31 Gormanston Road, MOONAH, TAS, 7009
;;Other Innovative Supports;6103621771;nexusinc.org.au;nexusinc@nexusinc.org.au;31 Gormanston Road, MOONAH, TAS, 7009
;;Participate Community;6103621771;nexusinc.org.au;nexusinc@nexusinc.org.au;31 Gormanston Road, MOONAH, TAS, 7009
;;Training-Travel Independence;6103621771;nexusinc.org.au;nexusinc@nexusinc.org.au;31 Gormanston Road, MOONAH, TAS, 7009
Nixon, Roslyn;TAROONA;;;;info@healthpotential.com.au;209 Channel Highway, TAROONA, TAS, 7053
North West Residential Support Services Inc.;WYNYARD;Assist-Integrate School/Ed;;;rodwell@southcom.com.au;19 Quiggin Street, WYNYARD, TAS, 7325
;;Assist-Life Stage, Transition;;;rodwell@southcom.com.au;19 Quiggin Street, WYNYARD, TAS, 7325
;;Assist-Personal Activities;;;rodwell@southcom.com.au;19 Quiggin Street, WYNYARD, TAS, 7325
;;Assist-Travel/Transport;;;rodwell@southcom.com.au;19 Quiggin Street, WYNYARD, TAS, 7325
;;Daily Tasks/Shared Living;;;rodwell@southcom.com.au;19 Quiggin Street, WYNYARD, TAS, 7325
;;Development-Life Skills;;;rodwell@southcom.com.au;19 Quiggin Street, WYNYARD, TAS, 7325
;;Participate Community;;;rodwell@southcom.com.au;19 Quiggin Street, WYNYARD, TAS, 7325
;;Training-Travel Independence;;;rodwell@southcom.com.au;19 Quiggin Street, WYNYARD, TAS, 7325
NOSS Tasmania Inc.;LAUNCESTON;Assist Access/Maintain Employ;;;info@nossinc.org.au;49 York Street, LAUNCESTON, TAS, 7250
;;Assist-Integrate School/Ed;;;info@nossinc.org.au;49 York Street, LAUNCESTON, TAS, 7250
;;Assist-Personal Activities;;;info@nossinc.org.au;49 York Street, LAUNCESTON, TAS, 7250
;;Assist-Travel/Transport;;;info@nossinc.org.au;49 York Street, LAUNCESTON, TAS, 7250
;;Development-Life Skills;;;info@nossinc.org.au;49 York Street, LAUNCESTON, TAS, 7250
;;Household Tasks;;;info@nossinc.org.au;49 York Street, LAUNCESTON, TAS, 7250
;;Other Innovative Supports;;;info@nossinc.org.au;49 York Street, LAUNCESTON, TAS, 7250
;;Participate Community;;;info@nossinc.org.au;49 York Street, LAUNCESTON, TAS, 7250
;;Training-Travel Independence;;;info@nossinc.org.au;49 York Street, LAUNCESTON, TAS, 7250
Oak Tasmania;GLENORCHY;Assist Access/Maintain Employ;;;david.coe@oak.org.au;56 CLYDESDALE AVE, GLENORCHY, TAS, 7010
;;Assist-Life Stage, Transition;;;david.coe@oak.org.au;56 CLYDESDALE AVE, GLENORCHY, TAS, 7010
;;Assist-Personal Activities;;;david.coe@oak.org.au;56 CLYDESDALE AVE, GLENORCHY, TAS, 7010
;;Assist-Travel/Transport;;;david.coe@oak.org.au;56 CLYDESDALE AVE, GLENORCHY, TAS, 7010
;;Daily Tasks/Shared Living;;;david.coe@oak.org.au;56 CLYDESDALE AVE, GLENORCHY, TAS, 7010
;;Development-Life Skills;;;david.coe@oak.org.au;56 CLYDESDALE AVE, GLENORCHY, TAS, 7010
;;Equipment Special Assess Setup;;;david.coe@oak.org.au;56 CLYDESDALE AVE, GLENORCHY, TAS, 7010
;;Household Tasks;;;david.coe@oak.org.au;56 CLYDESDALE AVE, GLENORCHY, TAS, 7010
;;Participate Community;;;david.coe@oak.org.au;56 CLYDESDALE AVE, GLENORCHY, TAS, 7010
;;Training-Travel Independence;;;david.coe@oak.org.au;56 CLYDESDALE AVE, GLENORCHY, TAS, 7010
Oates, Jenene Elizabeth;ALONNAH;Therapeutic Supports;;;backworks@harboursat.com.au;250 Sheepwash Road, ALONNAH, TAS, 7150
Occupational Therapy Tas Pty Ltd;LENAH VALLEY;;610418588081;www.ottas.com.au;liz@ottas.com.au;6 Brushy Creek Road, LENAH VALLEY, TAS, 7008
O'Connor, Gail;SCAMANDER;Accommodation/Tenancy;;;;134 Scamander Avenue, SCAMANDER, TAS, 7215
;;Assist Access/Maintain Employ;;;;134 Scamander Avenue, SCAMANDER, TAS, 7215
;;Assist-Integrate School/Ed;;;;134 Scamander Avenue, SCAMANDER, TAS, 7215
;;Assist-Personal Activities;;;;134 Scamander Avenue, SCAMANDER, TAS, 7215
;;Assist-Travel/Transport;;;;134 Scamander Avenue, SCAMANDER, TAS, 7215
;;Daily Tasks/Shared Living;;;;134 Scamander Avenue, SCAMANDER, TAS, 7215
;;Development-Life Skills;;;;134 Scamander Avenue, SCAMANDER, TAS, 7215
;;Household Tasks;;;;134 Scamander Avenue, SCAMANDER, TAS, 7215
;;Participate Community;;;;134 Scamander Avenue, SCAMANDER, TAS, 7215
;;Training-Travel Independence;;;;134 Scamander Avenue, SCAMANDER, TAS, 7215
O'Kelly, Louise Mary;WEST HOBART;Assist-Life Stage, Transition;;;;1 Barton Ave, WEST HOBART, TAS, 7000
;;Behaviour Support;;;;1 Barton Ave, WEST HOBART, TAS, 7000
OneCare Limited;HOBART;;;;info@onecare.org.au;28 Davey Street, HOBART, TAS, 7000
Optia Inc.;MORNINGTON;Accommodation/Tenancy;;;optia@optiainc.org;370 Cambridge Road, MORNINGTON, TAS, 7018
;;Assist Prod-Pers Care/Safety;;;optia@optiainc.org;370 Cambridge Road, MORNINGTON, TAS, 7018
;;Assist-Integrate School/Ed;;;optia@optiainc.org;370 Cambridge Road, MORNINGTON, TAS, 7018
;;Assistive Equip-Recreation;;;optia@optiainc.org;370 Cambridge Road, MORNINGTON, TAS, 7018
;;Assistive Prod-Household Task;;;optia@optiainc.org;370 Cambridge Road, MORNINGTON, TAS, 7018
;;Assist-Life Stage, Transition;;;optia@optiainc.org;370 Cambridge Road, MORNINGTON, TAS, 7018
;;Assist-Personal Activities;;;optia@optiainc.org;370 Cambridge Road, MORNINGTON, TAS, 7018
;;Assist-Travel/Transport;;;optia@optiainc.org;370 Cambridge Road, MORNINGTON, TAS, 7018
;;Behaviour Support;;;optia@optiainc.org;370 Cambridge Road, MORNINGTON, TAS, 7018
;;Comms & Info Equipment;;;optia@optiainc.org;370 Cambridge Road, MORNINGTON, TAS, 7018
;;Daily Tasks/Shared Living;;;optia@optiainc.org;370 Cambridge Road, MORNINGTON, TAS, 7018
;;Development-Life Skills;;;optia@optiainc.org;370 Cambridge Road, MORNINGTON, TAS, 7018
;;Household Tasks;;;optia@optiainc.org;370 Cambridge Road, MORNINGTON, TAS, 7018
;;Other Innovative Supports;;;optia@optiainc.org;370 Cambridge Road, MORNINGTON, TAS, 7018
;;Participate Community;;;optia@optiainc.org;370 Cambridge Road, MORNINGTON, TAS, 7018
;;Personal Mobility Equipment;;;optia@optiainc.org;370 Cambridge Road, MORNINGTON, TAS, 7018
;;Plan Management;;;optia@optiainc.org;370 Cambridge Road, MORNINGTON, TAS, 7018
;;Therapeutic Supports;;;optia@optiainc.org;370 Cambridge Road, MORNINGTON, TAS, 7018
;;Training-Travel Independence;;;optia@optiainc.org;370 Cambridge Road, MORNINGTON, TAS, 7018
;;Vehicle modifications;;;optia@optiainc.org;370 Cambridge Road, MORNINGTON, TAS, 7018
Pansophic Solutions Pty Ltd;MOONAH;Assist-Travel/Transport;;;kim@unitedtaxi.com.au;113-117 Albert Road, MOONAH, TAS, 7009
Para-Quad Association of Tasmania Inc.;GLENORCHY;Assist Prod-Pers Care/Safety;;;info@paraquadtas.org.au;26-28 Tolosa Street, GLENORCHY, TAS, 7010
;;Assistive Prod-Household Task;;;info@paraquadtas.org.au;26-28 Tolosa Street, GLENORCHY, TAS, 7010
;;Personal Mobility Equipment;;;info@paraquadtas.org.au;26-28 Tolosa Street, GLENORCHY, TAS, 7010
Peopleworks Pty Ltd;HOBART;;;;;70 Warwick Street, HOBART, TAS, 7000
Philp Lighton Architects Pty. Ltd.;LAUNCESTON;Home Modification;610363312133;www.philplighton.com.au;launceston@philplighton.com.au;65 Tamar Street, LAUNCESTON, TAS, 7250
Plane Tree Studio Incorporated;HOBART;Assist Access/Maintain Employ;;;mail@planetreestudio.com;107 Murray Street, HOBART, TAS, 7000
Porsbro-Pedersen, Luke;NORWOOD;;;;;111 Station Road, NORWOOD, TAS, 7250
Positive Behaviour Change Solutions Pty Ltd;PENGUIN;Assess-Skill, Ability, Needs;610428597284;;matthew.spicer@poschange.net;ADDRESS CONFIDENTIAL
;;Behaviour Support;610428597284;;matthew.spicer@poschange.net;ADDRESS CONFIDENTIAL
;;Therapeutic Supports;610428597284;;matthew.spicer@poschange.net;ADDRESS CONFIDENTIAL
Presbyterian Care Tasmania Incorporated;LEGANA;;;;ceo@prescaretas.org.au;1 - 9 Freshwater Point Road, LEGANA, TAS, 7277
Psych Health Australia Pty Ltd;MOONAH;;;;psychealthaustralia@gmail.com;1 Bowen Rd, MOONAH, TAS, 7009
Rabe, Debra Lee;BERRIEDALE;Assist-Life Stage, Transition;610417974180;;Debrarabe@bigpond.com;4 Chablis Court, BERRIEDALE, TAS, 7011
;;Plan Management;610417974180;;Debrarabe@bigpond.com;4 Chablis Court, BERRIEDALE, TAS, 7011
Ravenswood Community Garden Inc;RAVENSWOOD;;610419151763;;susan.jacobs@education.tas.gov.au;ADDRESS CONFIDENTIAL
Rehability (Qld) Pty Ltd;MORNINGSIDE;Assess-Skill, Ability, Needs;610731612471;www.rehabilityabiservices.com.au;rehab@rehabilityabiservices.com.au;161 Richmond Road, MORNINGSIDE, QLD, 4170
;;Behaviour Support;610731612471;www.rehabilityabiservices.com.au;rehab@rehabilityabiservices.com.au;161 Richmond Road, MORNINGSIDE, QLD, 4170
;;Therapeutic Supports;610731612471;www.rehabilityabiservices.com.au;rehab@rehabilityabiservices.com.au;161 Richmond Road, MORNINGSIDE, QLD, 4170
Relationships Australia Tasmania Incorporated;NEW TOWN;Assist-Life Stage, Transition;611300364277;;ndis@reltas.com.au;20 Clare Street, NEW TOWN, TAS, 7018
;;Other Innovative Supports;611300364277;;ndis@reltas.com.au;20 Clare Street, NEW TOWN, TAS, 7018
;;Therapeutic Supports;611300364277;;ndis@reltas.com.au;20 Clare Street, NEW TOWN, TAS, 7018
Richards, Janis Rae;LAUNCESTON;;610429402212;;richards.psychology@gmail.com;37B Brisbane St, LAUNCESTON, TAS, 7250
Riding for the Disabled Association of Tasmania;GROVE;;610429943247;www.rdatas.org.au;admin@rdatas.org.au;111 Crabtree Road, GROVE, TAS, 7109
Rossetto, Georgia;LAUNCESTON;Physical Wellbeing;610417325129;;georgia.rossetto@bigpond.com;Rose Cottage Medical Center, 5 Innes Street, LAUNCESTON, TAS, 7250
Royal Guide Dogs for the Blind Association of Tasmania;HOBART;Assess-Skill, Ability, Needs;;;admin@guidedogstas.com.au;164 Elizabeth Street, HOBART, TAS, 7001
;;Assist Access/Maintain Employ;;;admin@guidedogstas.com.au;164 Elizabeth Street, HOBART, TAS, 7001
;;Assist-Life Stage, Transition;;;admin@guidedogstas.com.au;164 Elizabeth Street, HOBART, TAS, 7001
;;Development-Life Skills;;;admin@guidedogstas.com.au;164 Elizabeth Street, HOBART, TAS, 7001
;;Equipment Special Assess Setup;;;admin@guidedogstas.com.au;164 Elizabeth Street, HOBART, TAS, 7001
;;Household Tasks;;;admin@guidedogstas.com.au;164 Elizabeth Street, HOBART, TAS, 7001
;;Other Innovative Supports;;;admin@guidedogstas.com.au;164 Elizabeth Street, HOBART, TAS, 7001
;;Training-Travel Independence;;;admin@guidedogstas.com.au;164 Elizabeth Street, HOBART, TAS, 7001
;;Vision Equipment;;;admin@guidedogstas.com.au;164 Elizabeth Street, HOBART, TAS, 7001
Ruth Kiran Croser;BELLERIVE;;"+610362459232
(00) 00000000";www.encourageequipenable.com;ruthcroser@iinet.net.au;Shop 9, Bellerive Quay, 31 Cambridge Road, BELLERIVE, TAS, 7018
S.A Muskett & C Oosterloo;BATTERY POINT;;;;;70 Sandy Bay Rd, BATTERY POINT, TAS, 7004
Schrale, Lewina Nellie;WEST HOBART;;;;lewina@pandatherapy.com.au;2A Gourlay Street, WEST HOBART, TAS, 7000
Self Help Workshop Inc;YOUNGTOWN;Assist Access/Maintain Employ;;;donna@selfhelp.com.au;414 HOBART RD, YOUNGTOWN, TAS, 7249
;;Other Innovative Supports;;;donna@selfhelp.com.au;414 HOBART RD, YOUNGTOWN, TAS, 7249
Siblings Australia Incorporated;KINGSWOOD;;;;;ADDRESS CONFIDENTIAL
Smit, Heidi Marie;LINDISFARNE;Assess-Skill, Ability, Needs;6162459232;www.heidismit.com.au;admin@heidismit.com.au;ADDRESS CONFIDENTIAL
;;Therapeutic Supports;6162459232;www.heidismit.com.au;admin@heidismit.com.au;ADDRESS CONFIDENTIAL
South Eastern Nursing & Home Care Association Incorporated;SORELL;Assist-Personal Activities;610362691200;www.secommunitycare.com.au;mail@secommunitycare.com.au;57 Cole Street, SORELL, TAS, 7172
;;Assist-Travel/Transport;610362691200;www.secommunitycare.com.au;mail@secommunitycare.com.au;57 Cole Street, SORELL, TAS, 7172
;;Community Nursing Care;610362691200;www.secommunitycare.com.au;mail@secommunitycare.com.au;57 Cole Street, SORELL, TAS, 7172
;;Household Tasks;610362691200;www.secommunitycare.com.au;mail@secommunitycare.com.au;57 Cole Street, SORELL, TAS, 7172
;;Participate Community;610362691200;www.secommunitycare.com.au;mail@secommunitycare.com.au;57 Cole Street, SORELL, TAS, 7172
St Giles Society Inc;NEWSTEAD;Assess-Skill, Ability, Needs;;www.stgiles.org.au;society@stgiles.org.au;Newstead Heights School 65 Amy Road, NEWSTEAD, TAS, 7250
;;Assist Prod-Pers Care/Safety;;www.stgiles.org.au;society@stgiles.org.au;Newstead Heights School 65 Amy Road, NEWSTEAD, TAS, 7250
;;Assistive Equip-Recreation;;www.stgiles.org.au;society@stgiles.org.au;Newstead Heights School 65 Amy Road, NEWSTEAD, TAS, 7250
;;Assistive Prod-Household Task;;www.stgiles.org.au;society@stgiles.org.au;Newstead Heights School 65 Amy Road, NEWSTEAD, TAS, 7250
;;Assist-Life Stage, Transition;;www.stgiles.org.au;society@stgiles.org.au;Newstead Heights School 65 Amy Road, NEWSTEAD, TAS, 7250
;;Assist-Personal Activities;;www.stgiles.org.au;society@stgiles.org.au;Newstead Heights School 65 Amy Road, NEWSTEAD, TAS, 7250
;;Assist-Travel/Transport;;www.stgiles.org.au;society@stgiles.org.au;Newstead Heights School 65 Amy Road, NEWSTEAD, TAS, 7250
;;Behaviour Support;;www.stgiles.org.au;society@stgiles.org.au;Newstead Heights School 65 Amy Road, NEWSTEAD, TAS, 7250
;;Comms & Info Equipment;;www.stgiles.org.au;society@stgiles.org.au;Newstead Heights School 65 Amy Road, NEWSTEAD, TAS, 7250
;;Community Nursing Care;;www.stgiles.org.au;society@stgiles.org.au;Newstead Heights School 65 Amy Road, NEWSTEAD, TAS, 7250
;;Daily Tasks/Shared Living;;www.stgiles.org.au;society@stgiles.org.au;Newstead Heights School 65 Amy Road, NEWSTEAD, TAS, 7250
;;Development-Life Skills;;www.stgiles.org.au;society@stgiles.org.au;Newstead Heights School 65 Amy Road, NEWSTEAD, TAS, 7250
;;Early Childhood Supports;;www.stgiles.org.au;society@stgiles.org.au;Newstead Heights School 65 Amy Road, NEWSTEAD, TAS, 7250
;;Equipment Special Assess Setup;;www.stgiles.org.au;society@stgiles.org.au;Newstead Heights School 65 Amy Road, NEWSTEAD, TAS, 7250
;;Other Innovative Supports;;www.stgiles.org.au;society@stgiles.org.au;Newstead Heights School 65 Amy Road, NEWSTEAD, TAS, 7250
;;Participate Community;;www.stgiles.org.au;society@stgiles.org.au;Newstead Heights School 65 Amy Road, NEWSTEAD, TAS, 7250
;;Personal Mobility Equipment;;www.stgiles.org.au;society@stgiles.org.au;Newstead Heights School 65 Amy Road, NEWSTEAD, TAS, 7250
;;Therapeutic Supports;;www.stgiles.org.au;society@stgiles.org.au;Newstead Heights School 65 Amy Road, NEWSTEAD, TAS, 7250
;;Vehicle modifications;;www.stgiles.org.au;society@stgiles.org.au;Newstead Heights School 65 Amy Road, NEWSTEAD, TAS, 7250
;;Vision Equipment;;www.stgiles.org.au;society@stgiles.org.au;Newstead Heights School 65 Amy Road, NEWSTEAD, TAS, 7250
St Michaels Association Inc.;NEWSTEAD;Assist-Life Stage, Transition;;www.stmichaels.asn.au;john.gilpin@stmichaels.asn.au;22 Hoblers Bridge Rd, NEWSTEAD, TAS, 7250
;;Assist-Personal Activities;;www.stmichaels.asn.au;john.gilpin@stmichaels.asn.au;22 Hoblers Bridge Rd, NEWSTEAD, TAS, 7250
;;Daily Tasks/Shared Living;;www.stmichaels.asn.au;john.gilpin@stmichaels.asn.au;22 Hoblers Bridge Rd, NEWSTEAD, TAS, 7250
;;Development-Life Skills;;www.stmichaels.asn.au;john.gilpin@stmichaels.asn.au;22 Hoblers Bridge Rd, NEWSTEAD, TAS, 7250
;;Household Tasks;;www.stmichaels.asn.au;john.gilpin@stmichaels.asn.au;22 Hoblers Bridge Rd, NEWSTEAD, TAS, 7250
;;Participate Community;;www.stmichaels.asn.au;john.gilpin@stmichaels.asn.au;22 Hoblers Bridge Rd, NEWSTEAD, TAS, 7250
;;Plan Management;;www.stmichaels.asn.au;john.gilpin@stmichaels.asn.au;22 Hoblers Bridge Rd, NEWSTEAD, TAS, 7250
;;Training-Travel Independence;;www.stmichaels.asn.au;john.gilpin@stmichaels.asn.au;22 Hoblers Bridge Rd, NEWSTEAD, TAS, 7250
St Vincent De Paul Society (Tasmania) Inc;INVERMAY;Assist Access/Maintain Employ;;;frances.pratt@vinniestas.org.au;191 Invermay Rd, INVERMAY, TAS, 7248
;;Development-Life Skills;;;frances.pratt@vinniestas.org.au;191 Invermay Rd, INVERMAY, TAS, 7248
;;Participate Community;;;frances.pratt@vinniestas.org.au;191 Invermay Rd, INVERMAY, TAS, 7248
;;Training-Travel Independence;;;frances.pratt@vinniestas.org.au;191 Invermay Rd, INVERMAY, TAS, 7248
St Vincent Industries Inc.;NORTH HOBART;Assist Access/Maintain Employ;;;sales@stvincentind.com.au;82 BURNETT ST, NORTH HOBART, TAS, 7000
Sue Cameron;HENTY;Assess-Skill, Ability, Needs;;;;ADDRESS CONFIDENTIAL
;;Early Childhood Supports;;;;ADDRESS CONFIDENTIAL
;;Therapeutic Supports;;;;ADDRESS CONFIDENTIAL
Summit Psychological Services;KINGSTON;;;;;ADDRESS CONFIDENTIAL
Supported Tenancy Accommodation and Respite Tasmania Inc;NEW TOWN;Accommodation/Tenancy;;;admin@startas.org;Suites 2, 3, 31 Tower Road, NEW TOWN, TAS, 7008
;;Assistive Equip-Recreation;;;admin@startas.org;Suites 2, 3, 31 Tower Road, NEW TOWN, TAS, 7008
;;Assist-Life Stage, Transition;;;admin@startas.org;Suites 2, 3, 31 Tower Road, NEW TOWN, TAS, 7008
;;Assist-Personal Activities;;;admin@startas.org;Suites 2, 3, 31 Tower Road, NEW TOWN, TAS, 7008
;;Assist-Travel/Transport;;;admin@startas.org;Suites 2, 3, 31 Tower Road, NEW TOWN, TAS, 7008
;;Daily Tasks/Shared Living;;;admin@startas.org;Suites 2, 3, 31 Tower Road, NEW TOWN, TAS, 7008
;;Development-Life Skills;;;admin@startas.org;Suites 2, 3, 31 Tower Road, NEW TOWN, TAS, 7008
;;Participate Community;;;admin@startas.org;Suites 2, 3, 31 Tower Road, NEW TOWN, TAS, 7008
;;Training-Travel Independence;;;admin@startas.org;Suites 2, 3, 31 Tower Road, NEW TOWN, TAS, 7008
TADTAS Inc;SANDY BAY;;;;;29 Princes St, SANDY BAY, TAS, 7005
Tas Independent Nursing Pty Ltd;TRAVELLERS REST;;"+610363448244
(00) 00000000";www.freedomtas.com.au;jkent@freedomtas.com.au;179 Meander Valley Highway, TRAVELLERS REST, TAS, 7250
Tasmanian Acquired Brain Injury Services Inc.;MOWBRAY;Assistive Equip-Recreation;;;reception@tabis.org.au;288 Invermay Road, MOWBRAY, TAS, 7248
;;Development-Life Skills;;;reception@tabis.org.au;288 Invermay Road, MOWBRAY, TAS, 7248
;;Other Innovative Supports;;;reception@tabis.org.au;288 Invermay Road, MOWBRAY, TAS, 7248
;;Participate Community;;;reception@tabis.org.au;288 Invermay Road, MOWBRAY, TAS, 7248
;;Training-Travel Independence;;;reception@tabis.org.au;288 Invermay Road, MOWBRAY, TAS, 7248
Tasmanian Association of Disabled Persons Abilities Centre;GLENORCHY;Assist Access/Maintain Employ;;;moira@tadpac.com.au;98 Grove Road, GLENORCHY, TAS, 7010
Tasmanian Association of People with Disabilities and Their Advocates Inc.;GLENORCHY;Assist Access/Maintain Employ;;;angeliquepayne@auroradisability.org.au;15 Mill Lane, GLENORCHY, TAS, 7010
;;Assist-Personal Activities;;;angeliquepayne@auroradisability.org.au;15 Mill Lane, GLENORCHY, TAS, 7010
;;Development-Life Skills;;;angeliquepayne@auroradisability.org.au;15 Mill Lane, GLENORCHY, TAS, 7010
;;Other Innovative Supports;;;angeliquepayne@auroradisability.org.au;15 Mill Lane, GLENORCHY, TAS, 7010
;;Participate Community;;;angeliquepayne@auroradisability.org.au;15 Mill Lane, GLENORCHY, TAS, 7010
;;Training-Travel Independence;;;angeliquepayne@auroradisability.org.au;15 Mill Lane, GLENORCHY, TAS, 7010
Tasmanian Deaf Society Inc;NEW TOWN;;610362281955;www.tasdeaf.org.au;info@tasdeaf.org.au;ground floor, 139 Newtown Road, NEW TOWN, TAS, 7008
Tasmanian Occupational Therapy Services Pty Ltd;BICHENO;Assess-Skill, Ability, Needs;610419179907;www.tasotservices.com.au;danyelle@tasotservices.com.au;144 Tasman Highway, BICHENO, TAS, 7215
;;Equipment Special Assess Setup;610419179907;www.tasotservices.com.au;danyelle@tasotservices.com.au;144 Tasman Highway, BICHENO, TAS, 7215
;;Therapeutic Supports;610419179907;www.tasotservices.com.au;danyelle@tasotservices.com.au;144 Tasman Highway, BICHENO, TAS, 7215
TasTAFE;HOBART;Assist-Integrate School/Ed;;;info@tastafe.tas.edu.au;75 Campbell Street, HOBART, TAS, 7000
Tastex Knitwear Inc.;GLENORCHY;Assist Access/Maintain Employ;;;vhawker@tastex.com.au;12 MILL LANE, GLENORCHY, TAS, 7010
Taxi Combined Services (Hobart) Pty Ltd;MOONAH;Assist-Travel/Transport;;;admin@taxicombinedhobart.com.au;11 Birdwood Ave, MOONAH, TAS, 7009
;;Vehicle modifications;;;admin@taxicombinedhobart.com.au;11 Birdwood Ave, MOONAH, TAS, 7009
Taxi Combined Services (Launceston) Pty. Ltd.;LAUNCESTON;Assist-Travel/Transport;;;tcsltn@hotkey.net.au;32 Cameron Street, LAUNCESTON, TAS, 7250
TFB Contracting Pty Ltd;SWAN BAY;Home Modification;;;tfb_contracting@bigpond.com;73-93 Los Angelos Road, SWAN BAY, TAS, 7252
The Association for Children with Disability (TAS) Inc.;HOBART;Assist-Life Stage, Transition;;;admin@acdtas.com.au;83A Melville Street, HOBART, TAS, 7000
The Multiple Sclerosis Society of Tasmania;SANDY BAY;Assist-Life Stage, Transition;;;aboutus@mstas.org.au;1st Floor, 15 Princes Street, SANDY BAY, TAS, 7005
;;Therapeutic Supports;;;aboutus@mstas.org.au;1st Floor, 15 Princes Street, SANDY BAY, TAS, 7005
The ORS Group Pty Ltd;LAUNCESTON;Assess-Skill, Ability, Needs;;;ndis@orsgroup.com.au;2/10 Willis Street, LAUNCESTON, TAS, 7250
The Parkside Foundation Pty Ltd;LINDISFARNE;Accommodation/Tenancy;;;enquiries@parkside.org.au;34 Wellington Street, LINDISFARNE, TAS, 7015
;;Assist-Life Stage, Transition;;;enquiries@parkside.org.au;34 Wellington Street, LINDISFARNE, TAS, 7015
;;Assist-Personal Activities;;;enquiries@parkside.org.au;34 Wellington Street, LINDISFARNE, TAS, 7015
;;Assist-Travel/Transport;;;enquiries@parkside.org.au;34 Wellington Street, LINDISFARNE, TAS, 7015
;;Daily Tasks/Shared Living;;;enquiries@parkside.org.au;34 Wellington Street, LINDISFARNE, TAS, 7015
;;Development-Life Skills;;;enquiries@parkside.org.au;34 Wellington Street, LINDISFARNE, TAS, 7015
;;Participate Community;;;enquiries@parkside.org.au;34 Wellington Street, LINDISFARNE, TAS, 7015
;;Training-Travel Independence;;;enquiries@parkside.org.au;34 Wellington Street, LINDISFARNE, TAS, 7015
The Richmond Fellowship of Tasmania Inc;SOUTH HOBART;;"+610362283344
00 00000000";www.rftas.org.au;info@rftas.org.au;C3, 64 Angelsea Street, SOUTH HOBART, TAS, 7004
The Speech Centre Pty Ltd;MAYFIELD;Therapeutic Supports;;;thespeechcentre@gmail.com;27 Mayfield Street, MAYFIELD, TAS, 7248
The Sunlea Team Inc.;GLENORCHY;;;;sunlea@aanet.com.au;8 Sunlea Place, GLENORCHY, TAS, 7010
The Trustee for A K Lowe Trust;WEST HOBART;Assess-Skill, Ability, Needs;;;totaloutcome@bigpond.com;11 MELLIFONT ST, WEST HOBART, TAS, 7000
;;Assist Access/Maintain Employ;;;totaloutcome@bigpond.com;11 MELLIFONT ST, WEST HOBART, TAS, 7000
;;Physical Wellbeing;;;totaloutcome@bigpond.com;11 MELLIFONT ST, WEST HOBART, TAS, 7000
;;Therapeutic Supports;;;totaloutcome@bigpond.com;11 MELLIFONT ST, WEST HOBART, TAS, 7000
The Trustee for Anandam Family Trust;NEWSTEAD;Equipment Special Assess Setup;;;;7 Penquite Road, NEWSTEAD, TAS, 7250
;;Other Innovative Supports;;;;7 Penquite Road, NEWSTEAD, TAS, 7250
;;Personal Mobility Equipment;;;;7 Penquite Road, NEWSTEAD, TAS, 7250
The Trustee for APT Unit Trust;SANDY BAY;Assess-Skill, Ability, Needs;610362249777;www.allcarephysio.com.au;info@allcarephysio.com.au;68 Sandy Bay Road, SANDY BAY, TAS, 7005
;;Early Childhood Supports;610362249777;www.allcarephysio.com.au;info@allcarephysio.com.au;68 Sandy Bay Road, SANDY BAY, TAS, 7005
;;Therapeutic Supports;610362249777;www.allcarephysio.com.au;info@allcarephysio.com.au;68 Sandy Bay Road, SANDY BAY, TAS, 7005
The Trustee for Atkins Family Trust;KINGS MEADOWS;;;;atkinsmarketing@internode.on.net;3a Merion Street, KINGS MEADOWS, TAS, 7249
The Trustee for Bowles Family Trust;NORWOOD;;;;admin@allbusinessbookkeeping.com.au;17 Boiton Hill Road, NORWOOD, TAS, 7250
The Trustee for Brian Finch Family Trust;LAUNCESTON;;;;brianfinch@kfmfitness.com.au;23 Racecourse Crescent,, LAUNCESTON, TAS, 7250
The Trustee for D A Polita Family Trust;BATTERY POINT;Assess-Skill, Ability, Needs;610428547000;www.rehabalive.com.au;daniella@rehabalive.com.au;20 Cromwell Street, BATTERY POINT, TAS, 7004
;;Equipment Special Assess Setup;610428547000;www.rehabalive.com.au;daniella@rehabalive.com.au;20 Cromwell Street, BATTERY POINT, TAS, 7004
;;Therapeutic Supports;610428547000;www.rehabalive.com.au;daniella@rehabalive.com.au;20 Cromwell Street, BATTERY POINT, TAS, 7004
The trustee for Fourways Unit Trust;DEVONPORT;Assist Prod-Pers Care/Safety;;;devonport@terrywhitechemists.com.au;155 William Street, DEVONPORT, TAS, 7310
The Trustee for Nissand Unit Trust;CARRUM;;;;;ADDRESS CONFIDENTIAL
The Trustee for the John Tchappat Family Trust & The Trustee for the Rob Tchappa;KINGS MEADOWS;Assist Prod-Pers Care/Safety;;;info@all-linedist.com.au;13 Fawkner Avenue, KINGS MEADOWS, TAS, 7249
The Trustee For The Maloney Family Trust;GLENORCHY;Assess-Skill, Ability, Needs;610411217147;www.therapytasmania.com.au;cathryn@therapytasmania.com.au;64 Kenbrae Avenue, GLENORCHY, TAS, 7010
;;Assist-Life Stage, Transition;610411217147;www.therapytasmania.com.au;cathryn@therapytasmania.com.au;64 Kenbrae Avenue, GLENORCHY, TAS, 7010
;;Behaviour Support;610411217147;www.therapytasmania.com.au;cathryn@therapytasmania.com.au;64 Kenbrae Avenue, GLENORCHY, TAS, 7010
;;Early Childhood Supports;610411217147;www.therapytasmania.com.au;cathryn@therapytasmania.com.au;64 Kenbrae Avenue, GLENORCHY, TAS, 7010
;;Equipment Special Assess Setup;610411217147;www.therapytasmania.com.au;cathryn@therapytasmania.com.au;64 Kenbrae Avenue, GLENORCHY, TAS, 7010
;;Other Innovative Supports;610411217147;www.therapytasmania.com.au;cathryn@therapytasmania.com.au;64 Kenbrae Avenue, GLENORCHY, TAS, 7010
;;Therapeutic Supports;610411217147;www.therapytasmania.com.au;cathryn@therapytasmania.com.au;64 Kenbrae Avenue, GLENORCHY, TAS, 7010
The Trustee for The Stops Family Trust;HOBART;Assess-Skill, Ability, Needs;610448124001;https://www.healthkit.com/profile/mr-darren- stops/psychologist/16804;darren.stops@gmail.com;St Helens Private Hospital, 186 Macquarie St, HOBART, TAS, 7018
;;Behaviour Support;610448124001;https://www.healthkit.com/profile/mr-darren-st;darren.stops@gmail.com;St Helens Private Hospital, 186 Macquarie St, HOBART, TAS, 7018
;;Early Childhood Supports;610448124001;https://www.healthkit.com/profile/mr-darren-st;darren.stops@gmail.com;St Helens Private Hospital, 186 Macquarie St, HOBART, TAS, 7018
;;Therapeutic Supports;610448124001;https://www.healthkit.com/profile/mr-darren-st;darren.stops@gmail.com;St Helens Private Hospital, 186 Macquarie St, HOBART, TAS, 7018
The Trustee of the LMS Unit Trust;LESLIE VALE;;;;mikeradburn@hotmail.com;235 Wolfes Road, LESLIE VALE, TAS, 7054
Tim Feely and Associates Pty Ltd;NEWSTEAD;Assess-Skill, Ability, Needs;610363344451;www.timfeely.com.au;admin@timfeely.com.au;169 Elphin Road, NEWSTEAD, TAS, 7250
;;Early Childhood Supports;610363344451;www.timfeely.com.au;admin@timfeely.com.au;169 Elphin Road, NEWSTEAD, TAS, 7250
;;Therapeutic Supports;610363344451;www.timfeely.com.au;admin@timfeely.com.au;169 Elphin Road, NEWSTEAD, TAS, 7250
Tp & WR Curtain Pty Ltd;HOBART;;;;info@surgimed.com.au;83 Brisbane Street, HOBART, TAS, 7053
Tracey Dean;SANDY BAY;;;;tracey@neuropsychtas.com.au;Neuropsychology Tasmania, 22 Gregory Street, SANDY BAY, TAS, 7005
TRS Rehab 4 Life Pty Ltd;INVERMAY;Assist Access/Maintain Employ;"+610363261112
00 00000000";www.trsrehab4life.com.au;admin@trsrehab4life.com.au;287 Invermay Road, INVERMAY, TAS, 7249
;;Assist-Integrate School/Ed;+6103632611120 0 00000000;www.trsrehab4life.com.au;admin@trsrehab4life.com.au;287 Invermay Road, INVERMAY, TAS, 7249
;;Assist-Life Stage, Transition;+6103632611120 0 00000000;www.trsrehab4life.com.au;admin@trsrehab4life.com.au;287 Invermay Road, INVERMAY, TAS, 7249
;;Participate Community;+6103632611120 0 00000000;www.trsrehab4life.com.au;admin@trsrehab4life.com.au;287 Invermay Road, INVERMAY, TAS, 7249
;;Plan Management;+6103632611120 0 00000000;www.trsrehab4life.com.au;admin@trsrehab4life.com.au;287 Invermay Road, INVERMAY, TAS, 7249
;;Therapeutic Supports;+6103632611120 0 00000000;www.trsrehab4life.com.au;admin@trsrehab4life.com.au;287 Invermay Road, INVERMAY, TAS, 7249
van der Wijngaart, Samantha Jane;LAUNCESTON;Assess-Skill, Ability, Needs;610438908331;www.forpsych.com.au;sam@forpsych.com.au;Office 1, 116 York St, LAUNCESTON, TAS, 7250
;;Behaviour Support;610438908331;www.forpsych.com.au;sam@forpsych.com.au;Office 1, 116 York St, LAUNCESTON, TAS, 7250
;;Early Childhood Supports;610438908331;www.forpsych.com.au;sam@forpsych.com.au;Office 1, 116 York St, LAUNCESTON, TAS, 7250
;;Therapeutic Supports;610438908331;www.forpsych.com.au;sam@forpsych.com.au;Office 1, 116 York St, LAUNCESTON, TAS, 7250
Vandenberg, Ana;NEWSTEAD;Assess-Skill, Ability, Needs;;;ana@u-turn.net.au;1 Cypress Street, NEWSTEAD, TAS, 7250
Veranto;WARRANE;Accommodation/Tenancy;;;admin@veranto.org;7 Acorn Drive, WARRANE, TAS, 7018
;;Assistive Equip-Recreation;;;admin@veranto.org;7 Acorn Drive, WARRANE, TAS, 7018
;;Assist-Life Stage, Transition;;;admin@veranto.org;7 Acorn Drive, WARRANE, TAS, 7018
;;Assist-Personal Activities;;;admin@veranto.org;7 Acorn Drive, WARRANE, TAS, 7018
;;Assist-Travel/Transport;;;admin@veranto.org;7 Acorn Drive, WARRANE, TAS, 7018
;;Daily Tasks/Shared Living;;;admin@veranto.org;7 Acorn Drive, WARRANE, TAS, 7018
;;Development-Life Skills;;;admin@veranto.org;7 Acorn Drive, WARRANE, TAS, 7018
;;Household Tasks;;;admin@veranto.org;7 Acorn Drive, WARRANE, TAS, 7018
;;Participate Community;;;admin@veranto.org;7 Acorn Drive, WARRANE, TAS, 7018
;;Training-Travel Independence;;;admin@veranto.org;7 Acorn Drive, WARRANE, TAS, 7018
Victorian Deaf Society;EAST MELBOURNE;;610394731111;www.vicdeaf.com.au;info@senswide.com.au;Level 4, 340 Albert Street, EAST MELBOURNE, VIC, 3002
Vincent Industries Incorporated;WYNYARD;Assist Access/Maintain Employ;;;andrewp@vincentindustries.org.au;38 JACKSON ST, WYNYARD, TAS, 7325
Vision Australia Limited;KOOYONG;;611300847466;www.visionaustralia.org;patricia.woodcroft-lee@visionaustralia.org;454 Glenferrie Road, KOOYONG, VIC, 3144
Wardlaw & Brown Pty. Ltd.;RIVERSIDE LAUNCESTON;Assist-Life Stage, Transition;610409961844;www.wardlawandbrown.com;jane@wardlawandbrown.com;47 New Ecclestone Rd, RIVERSIDE LAUNCESTON, TAS, 7250
Wareing, David;GLENORCHY;Assess-Skill, Ability, Needs;"+610407045153
0000 000 000";www.therapytasmania.com.au;david@therapiststasmania.com.au;64 Kenbrae Avenue, GLENORCHY, TAS, 7010
;;Assist-Life Stage, Transition;+6104070451530 000 000 000;www.therapytasmania.com.au;david@therapiststasmania.com.au;64 Kenbrae Avenue, GLENORCHY, TAS, 7010
;;Behaviour Support;+6104070451530 000 000 000;www.therapytasmania.com.au;david@therapiststasmania.com.au;64 Kenbrae Avenue, GLENORCHY, TAS, 7010
;;Development-Life Skills;+6104070451530 000 000 000;www.therapytasmania.com.au;david@therapiststasmania.com.au;64 Kenbrae Avenue, GLENORCHY, TAS, 7010
;;Equipment Special Assess Setup;+6104070451530 000 000 000;www.therapytasmania.com.au;david@therapiststasmania.com.au;64 Kenbrae Avenue, GLENORCHY, TAS, 7010
;;Other Innovative Supports;+6104070451530 000 000 000;www.therapytasmania.com.au;david@therapiststasmania.com.au;64 Kenbrae Avenue, GLENORCHY, TAS, 7010
;;Therapeutic Supports;+6104070451530 000 000 000;www.therapytasmania.com.au;david@therapiststasmania.com.au;64 Kenbrae Avenue, GLENORCHY, TAS, 7010
Wattle Group Inc;MOWBRAY;Assist-Personal Activities;;;wattlegroupinc@bigpond.com;26 Mangin Street, MOWBRAY, TAS, 7248
;;Assist-Travel/Transport;;;wattlegroupinc@bigpond.com;26 Mangin Street, MOWBRAY, TAS, 7248
;;Development-Life Skills;;;wattlegroupinc@bigpond.com;26 Mangin Street, MOWBRAY, TAS, 7248
;;Participate Community;;;wattlegroupinc@bigpond.com;26 Mangin Street, MOWBRAY, TAS, 7248
Webb, Jessica;ROSNY PARK;Physical Wellbeing;;;;17 Bayfield Street, ROSNY PARK, TAS, 7018
wendy Roberts;BLACKMANS BAY;Assess-Skill, Ability, Needs;;;;ADDRESS CONFIDENTIAL
;;Behaviour Support;;;;ADDRESS CONFIDENTIAL
;;Early Childhood Supports;;;;ADDRESS CONFIDENTIAL
Wesley Mission Brisbane;CHERMSIDE;Interpret/Translate;611800246945;www.nicss.org.au;bookings@nicss.org.au;ADDRESS CONFIDENTIAL
WISE Employment Ltd;LAUNCESTON;Assist Access/Maintain Employ;"+610363456700
(00) 0000 0000";www.wiseemployment.com.au;deborah.quill@wiseemployment.com.au;53 Elizabeth Street, LAUNCESTON, TAS, 7250
;;Assist-Travel/Transport;+610363456700(00) 0000 0000;www.wiseemployment.com.au;deborah.quill@wiseemployment.com.au;53 Elizabeth Street, LAUNCESTON, TAS, 7250
;;Development-Life Skills;+610363456700(00) 0000 0000;www.wiseemployment.com.au;deborah.quill@wiseemployment.com.au;53 Elizabeth Street, LAUNCESTON, TAS, 7250
;;Participate Community;+610363456700(00) 0000 0000;www.wiseemployment.com.au;deborah.quill@wiseemployment.com.au;53 Elizabeth Street, LAUNCESTON, TAS, 7250
;;Physical Wellbeing;+610363456700(00) 0000 0000;www.wiseemployment.com.au;deborah.quill@wiseemployment.com.au;53 Elizabeth Street, LAUNCESTON, TAS, 7250
;;Training-Travel Independence;+610363456700(00) 0000 0000;www.wiseemployment.com.au;deborah.quill@wiseemployment.com.au;53 Elizabeth Street, LAUNCESTON, TAS, 7250
Woolley, Claire Louise;HOBART;;610362248881;;admin@familypsychservices.com.au;205 Davey St, HOBART, TAS, 7021
Wyndarra Centre Inc for Wyndarra Board of Management;SMITHTON;Assist-Life Stage, Transition;;;wcentre@tassie.net.au;Circular Head Community Information & Resource, 43 Smith Street, SMITHTON, TAS, 7330
;;Assist-Personal Activities;;;wcentre@tassie.net.au;Circular Head Community Information & Resource, 43 Smith Street, SMITHTON, TAS, 7330
;;Daily Tasks/Shared Living;;;wcentre@tassie.net.au;Circular Head Community Information & Resource, 43 Smith Street, SMITHTON, TAS, 7330
;;Development-Life Skills;;;wcentre@tassie.net.au;Circular Head Community Information & Resource, 43 Smith Street, SMITHTON, TAS, 7330
;;Household Tasks;;;wcentre@tassie.net.au;Circular Head Community Information & Resource, 43 Smith Street, SMITHTON, TAS, 7330
;;Participate Community;;;wcentre@tassie.net.au;Circular Head Community Information & Resource, 43 Smith Street, SMITHTON, TAS, 7330
;;Training-Travel Independence;;;wcentre@tassie.net.au;Circular Head Community Information & Resource, 43 Smith Street, SMITHTON, TAS, 7330
Youth Family and Community Connections Incorporated;DEVONPORT;;;;ros@yaff.com.au;81 Oldaker St, DEVONPORT, TAS, 7315
